date,coin_target,post_count,vader_mean,finbert_mean,composite_mean,zscore_mean,weighted_mean,engagement_mean,upvotes_total,comments_total
2025-10-18,BTC,22,0.3878727272727273,0.10081804545454545,0.18693440909090908,0.5905714545454545,0.9657773636363636,4.768369545454545,2559,1222
2025-10-19,BTC,123,0.2487292682926829,-0.010187357723577234,0.06748760162601626,0.15880660975609756,0.31821813008130084,4.2149507560975605,11904,1807
2025-10-20,BTC,139,0.2767841726618705,0.010790820143884891,0.09058883453237411,0.24231076258992806,0.3909288273381295,3.8076696978417264,4269,1683
2025-10-21,BTC,170,0.1990888235294118,-0.011790294117647057,0.051473429411764714,0.10092014705882352,0.33297280588235295,4.294347011764706,11232,2521
2025-10-22,BTC,132,0.18726818181818183,-0.03924087878787878,0.028711833333333332,0.018643689393939407,-0.1623034318181818,3.570055113636364,3133,1365
2025-10-23,BTC,136,0.20810882352941176,-0.007976411764705883,0.05684913235294117,0.12035176470588237,0.2371252279411765,4.5666326250000004,6660,2958
2025-10-24,BTC,130,0.34053923076923076,-0.007332469230769231,0.09702901538461538,0.26559007692307696,0.38406396923076924,3.9002830153846153,4901,2084
2025-10-25,BTC,143,0.18466993006993007,-0.005811447552447554,0.051332972027972025,0.10041239860139861,0.24541830069930068,4.174403517482517,26094,3667
2025-10-26,BTC,136,0.2368816176470588,-0.03353502941176471,0.047589963235294123,0.08688258088235293,0.2258537132352941,3.8710444338235295,6697,1672
2025-10-27,BTC,155,0.22176258064516127,0.014329122580645164,0.07655914838709678,0.1915975548387097,0.3660472193548387,4.3721086451612905,9771,2372
2025-10-28,BTC,153,0.2898797385620915,0.004473130718954248,0.09009514379084967,0.24052622875816995,0.26515260784313727,4.11549768627451,8216,2774
2025-10-29,BTC,147,0.19203809523809523,-0.04720234013605442,0.02456977551020408,0.003671401360544216,0.00612504081632653,4.035080829931973,4211,2312
2025-10-30,BTC,177,0.2531214689265537,-0.00491890395480226,0.07249324858757063,0.1769005593220339,0.28370197175141243,3.8022174915254237,9804,2167
2025-10-31,BTC,159,0.24156855345911948,-0.016129301886792454,0.06118004402515723,0.13600667295597482,0.28394790566037736,3.865322371069183,6960,1604
2025-11-01,BTC,120,0.2809291666666667,0.007187658333333333,0.08931008333333333,0.23768839166666667,0.47700447500000004,4.021797341666667,6066,1276
2025-11-02,BTC,132,0.13815378787878788,-0.12666841666666664,-0.04722181060606061,-0.2558340378787879,-0.08401324242424242,3.778295924242424,4564,1919
2025-11-03,BTC,157,0.16342292993630572,0.013074312101910828,0.05817891719745223,0.12515849044585986,0.22703644585987262,3.7540089808917196,8592,2071
2025-11-04,BTC,291,0.1001364261168385,-0.13914100687285222,-0.06735781099656357,-0.32861961512027493,-0.33730584536082475,4.045670996563574,10576,4832
2025-11-05,BTC,207,0.16674830917874395,-0.052902396135265706,0.012992840579710145,-0.03817583091787439,-0.0014266714975845558,3.7492388309178746,13741,2567
2025-11-06,BTC,160,0.18809125,-0.06058938125,0.01401481875,-0.034481675,0.01648784375,3.9206488125,6116,2315
2025-11-07,BTC,179,0.20466033519553073,-0.05518924581005587,0.022765608938547486,-0.002850117318435754,0.08211957541899441,3.9749815810055864,11394,2054
2025-11-08,BTC,121,0.19100330578512398,-0.015201735537190085,0.04665973553719008,0.0835200909090909,0.19881471074380166,3.788811834710744,5701,1856
2025-11-09,BTC,124,0.24031048387096773,-0.04961721774193548,0.037361096774193546,0.04990827419354839,0.25445393548387096,4.106103080645161,8130,2322
2025-11-10,BTC,136,0.13801617647058823,-0.02783381617647059,0.021921169117647056,-0.005902507352941176,0.18223879411764707,3.713460198529412,14458,1830
2025-11-11,BTC,166,0.2141343373493976,-0.017475084337349397,0.05200775903614458,0.10285157228915662,0.17703048795180723,4.254863319277109,11349,2378
2025-11-12,BTC,150,0.20307,-0.04451932,0.029757466666666666,0.02242335999999999,0.06667446666666665,4.48757354,7693,2458
2025-11-13,BTC,189,0.16571957671957674,-0.026228761904761904,0.03135571957671957,0.028200555555555555,0.19278419047619047,4.472560518518518,13024,3944
2025-11-14,BTC,258,0.15307093023255813,-0.10570877519379845,-0.02807488372093023,-0.18662341472868216,-0.09161205813953488,4.0138043139534885,14267,5256
2025-11-15,BTC,162,0.11707222222222223,-0.0667863888888889,-0.011628820987654321,-0.1271757962962963,-0.025734666666666663,3.9826274691358026,6281,1597
2025-11-16,BTC,182,0.1259478021978022,-0.06705581318681318,-0.009154708791208792,-0.1182325879120879,-0.09584907142857142,4.125998626373626,7117,3835
2025-11-17,BTC,241,0.25092738589211616,-0.017586473029045643,0.06296770124481328,0.14246855186721993,0.2108529917012448,3.7337204771784234,11166,3013
2025-11-18,BTC,311,0.12485369774919615,-0.08869213183279742,-0.0246283729903537,-0.17416531832797427,-0.16209916077170416,3.6226170257234727,13124,4262
2025-11-19,BTC,232,0.20308965517241379,-0.06125181465517242,0.018050603448275863,-0.019893469827586212,0.0063086422413793095,3.605918728448276,5074,2612
2025-11-20,BTC,295,0.15974813559322035,-0.05666140338983051,0.008261430508474577,-0.055278464406779665,0.06383813559322035,3.6133831423728813,15030,6236
2025-11-21,BTC,455,0.12964989010989011,-0.07801993406593408,-0.015719,-0.14196056263736265,-0.10663617582417582,3.5652328967032965,12978,6696
2025-11-22,BTC,167,0.13586407185628743,-0.08705455089820359,-0.02017897005988024,-0.15808203592814374,0.034456742514970065,3.732561622754491,9100,1862
2026-01-16,BNB,1,-0.4588,-0.36883,-0.395821,-1.475365,-1.265529,3.197225,2,2
2026-01-16,BTC,16,-0.01331875,0.003693249999999999,-0.0014103124999999986,-0.090238875,-0.09159774999999999,2.5577946875,232,117
2026-01-16,ETH,4,0.224725,0.00826875,0.07320575,-0.0019015000000000004,0.240707,4.7463445,102,36
2026-01-16,MARKET,70,0.2131957142857143,-0.08611911428571428,0.003675257142857142,0.11213781428571429,0.11547545714285715,3.529738214285714,3595,10425
2026-01-16,SOL,8,0.19963750000000002,0.0001508750000000054,0.059996749999999995,-0.13720262500000002,0.26255975,2.9930417499999997,27,14
2026-01-17,BNB,13,0.2603923076923077,-0.0251893076923077,0.06048523076923077,0.08862153846153845,0.061233384615384606,2.1820783846153846,15,11
2026-01-17,BTC,103,0.19235145631067962,-0.006994291262135922,0.05280947572815534,0.10574956310679612,0.3337683106796116,4.2045449514563105,12652,1777
2026-01-17,DOGE,4,0.362475,0.021618250000000002,0.12387525,0.25492750000000003,0.71146525,4.484440749999999,116,21
2026-01-17,ETH,7,0.4064285714285714,-0.023986714285714295,0.105138,0.1296012857142857,0.6420737142857142,3.8827087142857146,131,81
2026-01-17,MARKET,337,0.16675430267062313,-0.068943646884273,0.0017657151335311553,0.10568684569732938,-0.04241699999999999,3.7434619198813057,47492,7957
2026-01-17,SHIB,2,0.2787,0.08377899999999999,0.142255,0.172638,0.2408595,1.693147,2,0
2026-01-17,SOL,39,0.31715128205128207,0.10552556410256411,0.16901330769230768,0.32479994871794876,0.5295708205128206,2.8144736153846153,90,89
2026-01-18,BNB,11,0.030072727272727275,-0.1159330909090909,-0.07213136363636363,-0.3659210909090909,-0.33707827272727275,2.7309226363636365,25,26
2026-01-18,BTC,82,0.18134878048780487,-0.04219306097560976,0.02486948780487805,0.004754792682926822,0.15745156097560978,4.2348063292682925,3638,1135
2026-01-18,DOGE,2,0.0,0.09691,0.06783700000000001,0.0263445,0.18080200000000002,2.666102,1,13
2026-01-18,ETH,5,0.44516,-0.0716686,0.08338,0.03999780000000001,0.5721921999999999,5.4273169999999995,196,119
2026-01-18,MARKET,309,0.11564012944983817,-0.04118728478964401,0.005860928802588995,0.11952152427184465,0.06216141747572817,3.4306021650485437,19937,10769
2026-01-18,SHIB,5,0.29928,0.2155732,0.2406854,0.5330782000000001,0.9047484000000001,2.5103424,36,6
2026-01-18,SOL,56,0.3840089285714286,0.03453833928571429,0.13937951785714284,0.19921448214285714,0.3208123214285714,3.215516625,258,297
2026-01-19,BNB,13,0.1288230769230769,-0.17166807692307692,-0.08152084615384615,-0.39810353846153845,-0.17246992307692305,3.013157615384615,24,54
2026-01-19,BTC,115,0.11833304347826087,-0.09968400000000001,-0.03427886086956522,-0.20904899130434784,0.00858111304347825,4.190788017391305,5896,1303
2026-01-19,DOGE,17,0.17895882352941175,-0.05831788235294118,0.01286494117647059,-0.1978901176470588,-0.08188264705882353,4.154243235294118,365,366
2026-01-19,ETH,11,0.3371181818181818,0.07460572727272728,0.15335936363636363,0.3281862727272728,0.9458473636363636,4.815368363636363,316,146
2026-01-19,MARKET,413,0.09510048426150121,-0.0975603171912833,-0.03976211138014528,-0.03460521065375303,-0.2007942397094431,3.452997646489104,71288,24680
2026-01-19,SHIB,2,0.4498,-0.1799405,0.00898149999999999,-0.3153925,-0.1093265,7.342022500000001,82,30
2026-01-19,SOL,45,0.21218444444444443,-0.0642584,0.018674377777777775,-0.3123232,0.09513728888888888,3.2613126444444447,150,174
2026-01-20,BNB,15,0.2873733333333333,0.06334113333333333,0.13055073333333334,0.3287706,0.11218606666666667,2.492837133333333,21,49
2026-01-20,BTC,116,0.1415060344827586,-0.06595856034482758,-0.003719215517241378,-0.09858494827586207,-0.02947356034482759,4.186310275862069,4714,1798
2026-01-20,DOGE,6,0.17413333333333336,-0.29338250000000005,-0.1531275,-0.8749833333333333,-0.7214606666666666,4.283924166666666,364,83
2026-01-20,ETH,7,0.5355,0.13764128571428572,0.25699885714285714,0.754993,1.112957857142857,5.110442428571429,181,200
2026-01-20,MARKET,484,0.1140987603305785,-0.04085451033057851,0.005631454545454547,0.11874634917355371,0.03967551859504133,3.7777295392561983,39343,35551
2026-01-20,SHIB,1,0.9718,0.038255,0.318318,0.817359,1.879758,5.905275,8,14
2026-01-20,SOL,66,0.28074696969696966,0.057109575757575755,0.12420078787878788,0.13488836363636364,0.36460963636363636,2.982454590909091,149,179
2026-01-21,BNB,16,0.16375,-0.0916408125,-0.015023562499999997,-0.1701844375,-0.08659256249999997,1.953077125,13,9
2026-01-21,BTC,122,0.18994754098360656,-0.01883054098360656,0.04380284426229508,0.07319324590163934,0.21762738524590164,4.061623040983607,9245,1732
2026-01-21,DOGE,15,-0.0004866666666666575,-0.12183020000000001,-0.08542713333333334,-0.5988294,-0.1892758,2.7618454666666663,86,43
2026-01-21,ETH,5,0.5415,0.1814578,0.2894704,0.8887168000000001,1.6065814,5.8661791999999995,199,216
2026-01-21,MARKET,504,0.13246130952380952,-0.03278769246031746,0.016786974206349205,0.15643265873015874,0.07010899206349207,3.872786212301587,86742,39582
2026-01-21,SHIB,3,0.6011333333333333,0.05020033333333334,0.21548033333333336,0.44078033333333333,1.1942423333333334,3.9948976666666667,58,34
2026-01-21,SOL,82,0.17329268292682928,-0.025815853658536583,0.03391671951219513,-0.24772750000000002,0.13792354878048782,2.943370243902439,239,201
2026-01-22,BNB,21,0.05354761904761906,-0.20417480952380954,-0.12685814285714286,-0.5534969047619048,-0.4128892857142857,2.7257024285714286,88,37
2026-01-22,BTC,105,0.26612285714285716,-0.013227657142857141,0.07057747619047619,0.16997563809523808,0.2855328095238095,3.63929100952381,2400,982
2026-01-22,DOGE,12,0.24209999999999998,-0.08769575,0.011243000000000005,-0.20450616666666666,0.2659928333333333,3.9718055,205,115
2026-01-22,ETH,14,0.18155000000000002,-0.028704428571428565,0.03437178571428571,-0.16182714285714286,0.09525142857142858,4.41458,251,203
2026-01-22,MARKET,508,0.1550033464566929,-0.031193100393700785,0.024665824803149605,0.18304952165354332,0.0577256968503937,3.4574426437007877,27493,25143
2026-01-22,SHIB,1,0.0,0.058083,0.040658,-0.199397,0.298013,7.329721,50,10
2026-01-22,SOL,56,0.1139,0.012930696428571429,0.04322144642857143,-0.20829489285714287,0.0768864642857143,3.2872107678571427,174,281
2026-01-23,BNB,16,0.4905625,0.0821795,0.2046944375,0.5828976875,0.4645411875,2.1410869375,19,23
2026-01-23,BTC,100,0.22853500000000002,-0.07275823,0.01762971,-0.021414859999999994,0.28702901999999997,4.31647674,7029,1659
2026-01-23,DOGE,17,0.06985882352941178,0.11787988235294117,0.10347352941176469,0.17170788235294118,0.47952841176470595,3.587462411764706,434,273
2026-01-23,ETH,12,0.4308,0.06926308333333334,0.17772425,0.42852508333333333,0.7840235,4.150986416666666,217,153
2026-01-23,MARKET,401,0.17857256857855364,-0.037211743142144635,0.027523543640897756,0.1927036234413965,0.10199331920199502,3.7643055561097256,27833,28137
2026-01-23,SHIB,2,-0.09044999999999997,0.012494500000000006,-0.018388500000000002,-0.41561849999999995,-0.263675,5.677220500000001,56,7
2026-01-23,SOL,40,0.185385,0.03373755,0.079231825,-0.05568607499999999,0.33526715,3.2276913,116,113
2026-01-24,BNB,22,0.17434090909090907,-0.09826768181818181,-0.01648509090909091,-0.17519386363636366,0.01705209090909092,2.4534320909090908,31,48
2026-01-24,BTC,113,0.31859911504424776,-0.040162460176991155,0.06746596460176991,0.158728407079646,0.3459279734513274,4.36083978761062,5264,2018
2026-01-24,DOGE,13,0.19569999999999999,0.13558176923076923,0.15361715384615385,0.37624669230769237,0.8293409230769231,4.145518923076923,268,65
2026-01-24,ETH,11,0.2052636363636364,0.022877090909090906,0.07759290909090909,0.01616563636363635,0.35660518181818185,3.197887727272727,151,57
2026-01-24,MARKET,315,0.13620349206349205,-0.054049038095238096,0.0030267047619047622,0.10994680634920634,-0.02005652380952381,3.2387777619047617,18628,4608
2026-01-24,SHIB,6,0.45415,0.14571599999999998,0.23824583333333335,0.5241446666666666,0.8166388333333333,4.146772166666667,174,20
2026-01-24,SOL,45,0.17306666666666667,0.04808953333333334,0.08558268888888888,-0.02877166666666665,0.2859958222222222,2.937420377777778,124,71
2026-01-25,BNB,27,0.3970074074074074,0.0774704074074074,0.17333148148148148,0.4754012962962963,0.31929077777777776,2.2003385925925927,33,33
2026-01-25,BTC,117,0.27594615384615384,-0.07435104273504274,0.030738170940170943,0.025968307692307697,0.21521542735042737,4.337249666666667,5314,2383
2026-01-25,DOGE,5,0.25798,0.07878879999999999,0.1325462,0.29029699999999997,0.998992,5.2569654,274,226
2026-01-25,ETH,8,0.279025,-0.0022919999999999954,0.082103,0.03473887499999999,0.43772774999999997,3.768176875,133,176
2026-01-25,MARKET,328,0.18079878048780487,-0.030019003048780486,0.033226344512195125,0.2119692286585366,0.1372229268292683,3.555722695121951,16078,13295
2026-01-25,SHIB,1,-0.6457,-0.154546,-0.301892,-1.453773,-2.061605,6.828946,67,4
2026-01-25,SOL,42,0.05700714285714287,-0.04591757142857143,-0.015040119047619049,-0.4552022619047619,-0.11895859523809525,3.1218092619047617,268,216
2026-01-26,BNB,26,0.2570576923076923,0.025257230769230768,0.0947975,0.2062265384615385,0.1475880769230769,2.281269730769231,29,47
2026-01-26,BTC,115,0.19950608695652175,-0.01337415652173913,0.05048990434782609,0.09736498260869565,0.3279784347826087,4.097161147826087,9744,1433
2026-01-26,DOGE,7,0.17068571428571427,0.05108485714285715,0.086965,0.10436857142857144,0.3558831428571429,3.4946522857142854,83,52
2026-01-26,ETH,11,0.5457818181818183,0.21562863636363636,0.31467454545454543,0.9925122727272728,1.2876759090909091,4.569722818181818,250,175
2026-01-26,MARKET,425,0.17385035294117646,-0.032499117647058824,0.02940570588235294,0.19906211294117648,0.2102223035294118,3.589218037647059,20231,25566
2026-01-26,SHIB,3,0.008666666666666675,0.0017823333333333343,0.0038479999999999934,-0.3341913333333333,-0.047120666666666665,2.059351,4,1
2026-01-26,SOL,44,0.15660454545454547,0.04495209090909091,0.07844777272727273,-0.059008772727272715,0.2360369090909091,3.291474909090909,130,174
2026-01-27,BNB,11,0.4169272727272727,0.005258909090909091,0.12875945454545454,0.3226309090909091,0.25457063636363636,2.225945727272727,10,20
2026-01-27,BTC,116,0.2264043103448276,0.005317517241379312,0.07164355172413793,0.1738291551724138,0.36082929310344825,3.9005560431034483,3392,1387
2026-01-27,DOGE,13,0.3043461538461539,0.08500023076923077,0.15080392307692309,0.3647714615384615,0.9575251538461539,4.11534276923077,577,356
2026-01-27,ETH,13,0.28773846153846155,-0.20147907692307693,-0.054713846153846155,-0.5286985384615385,0.10107961538461542,3.966612230769231,209,159
2026-01-27,MARKET,431,0.17124872389791182,-0.06814206032482599,0.003675164733178653,0.11213747563805104,-0.05846435498839908,3.6401209605568443,25092,28672
2026-01-27,SHIB,2,0.26335,-0.104022,0.006189499999999997,-0.325617,0.16030099999999997,3.86505,43,6
2026-01-27,SOL,49,0.1484326530612245,-0.004486979591836736,0.041388959183673475,-0.21606083673469387,0.10815883673469387,2.79724093877551,86,115
2026-01-28,BNB,13,0.37959230769230773,-0.03272715384615385,0.0909686923076923,0.19310338461538462,0.2210289230769231,2.7303532307692304,21,27
2026-01-28,BTC,116,0.20318706896551725,-0.040839724137931036,0.03236834482758621,0.03186094827586207,0.001753931034482767,3.762338715517241,5515,1170
2026-01-28,DOGE,14,0.15212142857142857,0.008518500000000007,0.051599285714285716,-0.03989021428571427,0.019747999999999995,3.5616625714285712,304,214
2026-01-28,ETH,15,0.11520000000000001,-0.012782399999999998,0.025612200000000012,-0.19790073333333336,0.2861083333333333,4.031296,236,134
2026-01-28,MARKET,531,0.13304726930320152,-0.054105054613935964,0.0020406403013182683,0.10661560263653486,-0.050903789077212803,3.640561529190207,46573,33949
2026-01-28,SHIB,5,0.007759999999999989,-0.0620768,-0.041125800000000004,-0.4988796000000001,-0.072229,1.5545176,4,0
2026-01-28,SOL,55,0.3320763636363636,0.07357205454545455,0.15112334545454545,0.24898385454545455,0.5760570545454545,3.3636108727272727,308,188
2026-01-29,BNB,24,0.1015375,-0.11691666666666667,-0.051380499999999996,-0.2947975,-0.18689845833333332,2.3940805416666664,38,43
2026-01-29,BTC,171,0.09504736842105263,-0.043520877192982456,-0.0019503918128654955,-0.09219109941520467,0.0185240350877193,3.772384842105263,5122,1990
2026-01-29,DOGE,16,0.09468125000000002,0.06275700000000001,0.0723343125,0.04468906250000001,0.2324784375,3.5891009375,408,115
2026-01-29,ETH,11,0.27040000000000003,0.05650790909090909,0.12067545454545453,0.19358763636363638,0.6711886363636363,4.083505636363636,214,239
2026-01-29,MARKET,574,0.14304965156794425,-0.04402542857142857,0.012097078397212543,0.14058894947735193,0.09197720557491289,3.6499517473867593,43179,42461
2026-01-29,SHIB,4,0.338775,0.2488485,0.27582650000000003,0.6617605,0.46701475000000003,1.693147,4,0
2026-01-29,SOL,56,0.14134642857142857,0.053809375,0.08007048214285714,-0.05213196428571428,0.21309664285714286,2.814183375,172,112
2026-01-30,BNB,12,0.2464583333333333,0.08223825000000001,0.13150425,0.33203875,0.18078425,2.3819511666666666,18,30
2026-01-30,BTC,179,0.15223296089385474,-0.025961636871508376,0.027496776536312845,0.01425161452513967,0.01848555865921788,3.6129491955307262,10855,2788
2026-01-30,DOGE,10,0.51061,0.1187502,0.23630810000000002,0.7135481,0.7965498,3.2553845000000003,94,25
2026-01-30,ETH,13,0.5510307692307692,0.03283484615384616,0.18829346153846152,0.4720512307692308,0.9562600769230769,4.328542230769231,575,264
2026-01-30,MARKET,651,0.11658233486943165,-0.07949917204301075,-0.02067473579109063,0.029877007680491553,-0.1252923010752688,3.9520201090629796,83931,49403
2026-01-30,SHIB,2,-0.33525,0.13229849999999999,-0.007966,-0.37745249999999997,-0.07251250000000001,6.711916,73,15
2026-01-30,SOL,54,0.20011851851851853,0.05202946296296296,0.09645605555555556,0.01730868518518521,0.23198172222222221,3.0774021111111107,151,214
2026-01-31,BNB,9,0.11851111111111111,-0.012524444444444446,0.026786222222222225,-0.02688166666666667,-0.017239111111111094,2.5836287777777778,14,16
2026-01-31,BTC,216,0.10422407407407407,-0.09459300462962963,-0.034947847222222224,-0.211467125,-0.1584459212962963,3.931801726851852,10180,4148
2026-01-31,DOGE,29,0.2959275862068966,-0.07155441379310347,0.038690206896551727,-0.09254727586206896,-0.12041455172413791,4.414114862068965,1617,434
2026-01-31,ETH,16,-0.014450000000000011,0.0077076874999999975,0.0010604999999999972,-0.29900925,0.010965062499999997,2.9108632500000002,160,409
2026-01-31,MARKET,468,0.1010094017094017,-0.09871374786324787,-0.03879679700854701,-0.03134416452991453,-0.2336322222222222,3.732718878205128,64497,11753
2026-01-31,SHIB,2,0.29295,0.341074,0.3266365,0.8478205000000001,1.1038225,2.975622,26,0
2026-01-31,SOL,55,0.25970727272727273,0.014081909090909091,0.08776950909090908,-0.019504145454545464,0.2731337818181818,3.280253145454545,449,528
2026-02-01,BNB,8,-0.1071625,-0.16869812499999998,-0.150237375,-0.633629,-0.67090575,2.631642625,10,21
2026-02-01,BTC,178,0.16055393258426967,-0.032714623595505615,0.025265955056179776,0.0061878876404494396,0.19937655056179776,3.4626074101123594,3771,1920
2026-02-01,DOGE,18,0.2113611111111111,-0.08575266666666667,0.0033815000000000125,-0.23657366666666668,0.08802822222222224,4.670989888888888,516,346
2026-02-01,ETH,9,0.3384888888888889,-0.012229333333333335,0.09298622222222222,0.07955811111111112,0.44990344444444447,3.414782222222222,168,338
2026-02-01,MARKET,384,0.10647161458333333,-0.10058572656249999,-0.038468546875,-0.030235255208333336,-0.20118568489583333,3.4322326432291668,27817,19820
2026-02-01,SHIB,2,0.00830000000000003,0.0315,0.024540000000000006,-0.2584195,-0.506073,10.3449805,994,306
2026-02-01,SOL,34,0.14791764705882351,0.030002235294117646,0.06537688235294117,-0.11440202941176471,0.06561597058823529,3.477595558823529,137,293
2026-02-02,BNB,19,0.3112315789473684,-0.051092157894736846,0.057604999999999996,0.07874947368421054,0.1478917894736842,2.3866655263157894,25,32
2026-02-02,BTC,198,0.16167878787878787,-0.06503735858585859,0.002977499999999999,-0.07437826767676767,0.06373568686868686,3.7727309343434343,7780,3099
2026-02-02,DOGE,23,0.16654347826086954,0.0961906956521739,0.11729652173913044,0.22809260869565218,0.4431868695652174,3.3162980869565217,387,173
2026-02-02,ETH,28,0.17137142857142856,-0.030033285714285714,0.030388107142857144,-0.17823264285714283,0.02302407142857141,3.3354144999999997,323,354
2026-02-02,MARKET,547,0.12884606946983548,-0.09238203839122486,-0.02601363436928702,0.011840795246800732,-0.10894346617915905,3.3492222906764164,34402,27575
2026-02-02,SHIB,3,-0.30583333333333335,0.11166766666666667,-0.013582333333333328,-0.3980186666666667,0.08025133333333333,2.7727066666666667,18,2
2026-02-02,SOL,43,0.20723720930232561,-0.013740023255813957,0.05255318604651163,-0.1687477906976744,0.22161909302325583,3.080958465116279,110,141
2026-02-03,BNB,15,0.12551333333333334,-0.19251153333333332,-0.09710406666666667,-0.4515148666666666,-0.347837,2.9433503333333335,43,45
2026-02-03,BTC,156,0.15870384615384614,-0.09893803205128206,-0.02164544871794872,-0.16338290384615384,-0.08642833974358974,3.920556435897436,5816,3307
2026-02-03,DOGE,15,0.15182,0.07811406666666666,0.10022586666666666,0.1584604,0.15576026666666667,3.1893746,231,74
2026-02-03,ETH,9,0.35294444444444445,0.04310711111111111,0.13605844444444445,0.2569376666666667,0.7851161111111111,4.487916333333334,282,371
2026-02-03,MARKET,519,0.1313223506743738,-0.06283474759152215,-0.004587637764932562,0.08422351637764933,-0.10301600963391136,3.72078233911368,49741,38184
2026-02-03,SHIB,3,0.3081333333333333,-0.029301333333333332,0.071929,-0.08488700000000005,-0.20575466666666667,3.074192,15,8
2026-02-03,SOL,39,0.21437179487179486,-0.016326717948717945,0.052882846153846155,-0.16735076923076922,0.10389987179487181,3.3266428205128205,178,267
2026-02-04,BNB,17,0.3316941176470588,0.03191823529411766,0.12185099999999999,0.29895223529411763,0.2039778823529412,2.703216823529412,43,32
2026-02-04,BTC,211,0.08351042654028436,-0.08880524170616114,-0.03711054976303317,-0.21928468246445496,-0.12226384360189574,3.4835143744075827,6879,3691
2026-02-04,DOGE,17,0.3021117647058823,0.0030964117647058836,0.09280117647058823,0.12817470588235297,0.31957517647058825,4.442480411764706,375,140
2026-02-04,ETH,15,0.47558666666666666,0.07241413333333332,0.1933658,0.4929402666666667,0.8851732000000001,4.3548878,266,357
2026-02-04,MARKET,533,0.11647129455909944,-0.09919513320825517,-0.03449522701688555,-0.01681230018761726,-0.11988377673545968,3.6109954052532833,19011,40157
2026-02-04,SHIB,3,0.16393333333333335,-0.03326766666666666,0.025892333333333323,-0.25346733333333327,0.3452966666666668,5.7557876666666665,83,13
2026-02-04,SOL,49,0.26833061224489796,0.03475363265306123,0.10482671428571429,0.05278281632653062,0.27026991836734693,3.4351785102040817,583,375
2026-02-05,BNB,10,0.41163,-0.0280696,0.1038403,0.23722089999999998,0.2411328,2.3693041999999997,12,16
2026-02-05,BTC,702,0.05087863247863248,-0.1236568846153846,-0.07129622507122507,-0.34285573219373217,-0.29936436182336185,3.3059996139601138,20808,12570
2026-02-05,DOGE,43,0.0688186046511628,-0.09269572093023255,-0.04424134883720931,-0.43083006976744187,-0.02361239534883721,4.04313134883721,1147,551
2026-02-05,ETH,22,0.07373636363636364,-0.036490136363636363,-0.0034221363636363633,-0.3174696363636364,0.027513681818181826,3.103841636363636,189,854
2026-02-05,MARKET,707,0.10819335219236209,-0.11586235219236209,-0.04864565063649222,-0.06461617680339463,-0.27409425601131543,3.8198348062234793,75924,60562
2026-02-05,SHIB,4,0.0781,-0.07563900000000001,-0.029517249999999995,-0.45637025,-0.24906749999999997,3.011397,32,12
2026-02-05,SOL,59,0.10882542372881356,0.004188881355932202,0.03557988135593221,-0.24067925423728811,0.005400813559322041,2.914189338983051,135,323
2026-02-06,BNB,8,-0.033337500000000006,-0.13876375,-0.10713575,-0.485898375,-0.30269725000000003,1.877635375,5,10
2026-02-06,BTC,448,0.10913906250000001,-0.07882477901785714,-0.022435631696428572,-0.16623919419642857,-0.049946560267857154,3.2045894419642855,10999,4091
2026-02-06,DOGE,32,0.330515625,0.059928843749999995,0.1411048125,0.3252080625,0.49942234375,4.23009025,1645,327
2026-02-06,ETH,9,0.28017777777777775,-0.04290866666666668,0.05401722222222222,-0.08092355555555555,0.6886105555555555,5.035646444444445,194,243
2026-02-06,MARKET,648,0.08632237654320987,-0.13578865586419753,-0.06915536419753086,-0.13390349537037036,-0.3980667638888889,3.683714535493827,40809,35793
2026-02-06,SHIB,5,0.1179,0.1514886,0.141412,0.16955099999999995,-0.38433699999999993,3.8104640000000005,111,33
2026-02-06,SOL,51,0.11606470588235293,-0.04123837254901961,0.005952509803921566,-0.36623739215686274,-0.24394809803921572,3.8718886274509803,319,544
2026-02-07,BNB,9,-0.0718,-0.001410111111111112,-0.022527222222222216,-0.19590322222222223,-0.19777166666666668,2.4561396666666666,10,28
2026-02-07,BTC,186,0.23163064516129034,-0.06488833333333334,0.024067381720430107,0.0018554032258064489,0.19408495161290323,3.46244002688172,8442,2417
2026-02-07,DOGE,7,0.36334285714285713,0.10048157142857142,0.17934000000000003,0.4811717142857143,0.8862345714285714,4.700197428571428,232,150
2026-02-07,ETH,7,0.2598142857142857,0.03690628571428572,0.10377857142857143,0.12400314285714285,0.4478775714285715,3.8392995714285716,128,132
2026-02-07,MARKET,349,0.15105587392550143,-0.08550728366762178,-0.014538366762177651,0.05060727507163324,-0.10025164756446991,3.508131716332378,15534,5233
2026-02-07,SHIB,4,-0.046749999999999986,0.034533,0.010147999999999997,-0.31112125,-0.28102749999999993,3.3251365,67,2
2026-02-07,SOL,41,0.1934219512195122,-0.02889117073170732,0.03780270731707317,-0.23125904878048778,0.08575173170731706,2.9167528780487806,158,118
2026-02-08,BNB,10,0.034129999999999994,-0.10029809999999999,-0.0599698,-0.3242374,-0.3560968,3.0313115,14,37
2026-02-08,BTC,179,0.15593854748603353,-0.07742841340782122,-0.007418329608938547,-0.11195607262569832,0.0034872011173184394,2.9363364692737433,2656,1315
2026-02-08,DOGE,15,0.18466666666666667,0.098835,0.12458453333333333,0.2578208,0.20904319999999998,3.2242909333333336,185,159
2026-02-08,ETH,12,0.2916166666666667,-0.038458333333333324,0.06056424999999999,-0.05396158333333332,0.4735450833333333,4.084844666666666,168,122
2026-02-08,MARKET,368,0.12154483695652173,-0.0849193179347826,-0.022980092391304347,0.022088880434782607,-0.08680416032608695,2.968111421195652,18849,12195
2026-02-08,SHIB,3,0.10276666666666667,0.010624666666666666,0.03826733333333333,-0.20815166666666665,-0.05240700000000001,3.1187023333333332,19,7
2026-02-08,SOL,41,0.17626341463414633,-0.04409380487804878,0.022013292682926826,-0.2981731463414634,0.19390697560975612,3.027880073170732,142,208
2026-02-09,BNB,9,0.46024444444444446,8.555555555552547e-06,0.13807933333333333,0.3545747777777778,0.46077011111111105,3.057406444444444,52,31
2026-02-09,BTC,163,0.21622699386503066,-0.0431920490797546,0.03463365644171779,0.04004934355828221,0.14621021472392637,3.5602782085889566,9220,2019
2026-02-09,DOGE,12,0.13010833333333335,-0.05779624999999999,-0.001424999999999996,-0.25617966666666664,0.28447700000000004,3.3518369166666666,137,53
2026-02-09,ETH,18,0.24940555555555555,-0.0729183888888889,0.023778722222222225,-0.20545133333333335,0.055586555555555583,3.520014444444444,213,107
2026-02-09,MARKET,431,0.13647610208816705,-0.07821749187935036,-0.013809433874709976,0.053069832946635725,-0.04527537122969837,3.321984220417633,27353,20271
2026-02-09,SHIB,5,-0.0702,0.013427000000000014,-0.011661200000000005,-0.39098359999999993,0.13942900000000008,2.82884,23,5
2026-02-09,SOL,49,0.0951265306122449,-0.034150571428571426,0.0046325510204081625,-0.3718312244897959,0.04397844897959185,3.044766530612245,127,152
2026-02-10,BNB,9,0.14187777777777777,-0.08114588888888889,-0.014238666666666658,-0.1674942222222222,-0.13829899999999998,2.3845443333333334,8,23
2026-02-10,BTC,148,0.17748581081081083,-0.019677797297297295,0.039471324324324326,0.05753608108108108,0.1993859662162162,3.2879398243243245,2892,1538
2026-02-10,DOGE,8,-0.033725000000000005,-0.171220375,-0.12997187500000001,-0.78053025,-0.6320764999999999,4.421400125,151,196
2026-02-10,ETH,12,0.01825,-0.07099591666666667,-0.044222083333333335,-0.4854914166666666,-0.033565000000000005,3.4924622499999995,166,161
2026-02-10,MARKET,467,0.11761327623126337,-0.08732909421841542,-0.02584640471092077,0.012405740899357608,-0.059877835117773025,3.526029284796574,41112,25296
2026-02-10,SHIB,6,0.19985,-0.11199466666666665,-0.018441166666666675,-0.4158111666666667,0.1112135,6.2235933333333335,257,101
2026-02-10,SOL,65,0.12058615384615384,0.02574915384615385,0.054200276923076926,-0.16176756923076924,0.16879316923076923,3.020474861538461,285,305
2026-02-11,BNB,17,0.2940058823529412,-0.07520505882352942,0.03555823529411765,0.0031844117647058913,0.03387229411764707,2.5108199411764707,32,26
2026-02-11,BTC,164,0.15616585365853658,-0.04745070121951219,0.013634286585365854,-0.035857140243902436,-0.004731695121951215,3.6011656158536582,5546,2522
2026-02-11,DOGE,18,0.10790555555555555,-0.006295222222222222,0.027964999999999993,-0.136296,0.2610573333333333,4.393025111111111,393,183
2026-02-11,ETH,11,0.43211818181818185,-0.005848090909090915,0.12554172727272728,0.21362800000000004,0.617160090909091,3.759066909090909,174,175
2026-02-11,MARKET,444,0.13631959459459458,-0.110439018018018,-0.036411481981981984,-0.023285882882882882,-0.1676643490990991,3.4762021576576574,50268,30105
2026-02-11,SHIB,1,0.6597,0.494739,0.544227,1.64461,2.494476,4.583519,17,1
2026-02-11,SOL,60,0.13635166666666668,0.028313716666666666,0.06072501666666666,-0.13411631666666668,0.24450245,3.4499412166666663,427,278
2026-02-12,BNB,9,0.2731777777777778,-0.05214699999999999,0.04545055555555556,0.03709022222222221,-0.03676311111111109,2.178289,11,10
2026-02-12,BTC,127,0.16853858267716534,-0.029362637795275592,0.030007677165354334,0.023327795275590556,0.0966523622047244,3.3884405826771653,4608,1294
2026-02-12,DOGE,10,-0.09366,-0.010808799999999999,-0.0356642,-0.3958433,-0.1698242,3.3986043,88,35
2026-02-12,ETH,16,0.44698125,0.0922645625,0.1986795625,0.5148230625,0.825009875,4.0039941875,238,206
2026-02-12,MARKET,525,0.12661238095238098,-0.09848883428571428,-0.03095849142857143,-0.004864241904761903,-0.14393897523809526,3.22635791047619,26899,33219
2026-02-12,SHIB,4,-0.059325,0.1565095,0.09175925,-0.012271000000000032,0.8961927500000001,3.4132429999999996,141,13
2026-02-12,SOL,60,0.32919166666666666,0.035679616666666664,0.12373326666666666,0.13290703333333334,0.4710986333333333,3.2797188166666666,195,287
2026-02-13,BNB,15,0.21678,-0.10732113333333332,-0.010090733333333334,-0.15327733333333335,0.09845140000000001,3.1377938,77,71
2026-02-13,BTC,136,0.22105073529411765,-0.011513794117647058,0.05825557352941176,0.12543554411764707,0.2612356029411765,3.402758330882353,3528,1881
2026-02-13,DOGE,9,0.3455111111111111,0.15058977777777777,0.209066,0.6024257777777778,0.8391207777777778,4.160895111111111,221,48
2026-02-13,ETH,11,0.0972,0.03102181818181818,0.050875090909090905,-0.09386345454545454,0.18781454545454543,3.839605,184,125
2026-02-13,MARKET,422,0.1505940758293839,-0.07827525118483412,-0.009614469194312797,0.06724154265402844,-0.07408245260663507,3.485033481042654,36715,29328
2026-02-13,SHIB,2,0.4531,0.6036945,0.5585165000000001,1.696936,1.8027024999999999,3.3025849999999997,25,1
2026-02-13,SOL,41,0.22042682926829268,0.02519295121951219,0.08376309756097561,-0.036482975609756094,0.3283840243902439,3.412096170731707,136,251
2026-02-14,BNB,7,0.22285714285714286,-0.03805828571428572,0.04021642857142856,0.019150428571428568,0.10913371428571428,2.4534025714285717,7,20
2026-02-14,BTC,118,0.15187881355932203,-0.005860110169491524,0.041461567796610165,0.06473025423728812,0.11738567796610169,3.3708115084745764,3371,1723
2026-02-14,DOGE,17,0.33096470588235294,0.048585352941176475,0.133299,0.29336770588235295,0.5369867647058824,4.244540705882352,510,174
2026-02-14,ETH,7,0.20529999999999998,0.037367285714285714,0.08774728571428571,0.057983285714285716,0.5767971428571429,4.0015284285714285,153,60
2026-02-14,MARKET,283,0.15234310954063604,-0.06540391166077739,-7.981272084805692e-05,0.09945218727915195,-0.041454745583038875,3.4295952508833922,19034,3807
2026-02-14,SHIB,10,0.13529,0.04559030000000001,0.0725004,-0.08279449999999997,0.2356745,3.0479886,74,35
2026-02-14,SOL,30,0.28196,-0.018057466666666664,0.0719478,-0.08655503333333335,0.15259956666666669,3.2507969333333335,129,141
2026-02-15,BNB,8,0.2230125,-0.135821625,-0.028171375000000005,-0.21524849999999998,-0.07789475000000001,1.95307725,9,3
2026-02-15,BTC,115,0.14306260869565218,-0.03497581739130434,0.018435721739130436,-0.018501408695652165,0.10706110434782609,3.6878762086956525,8764,1853
2026-02-15,DOGE,15,0.06770666666666666,0.039306266666666666,0.0478264,-0.05528026666666665,-0.15901853333333332,4.159661933333333,245,240
2026-02-15,ETH,7,0.30765714285714285,0.14246285714285714,0.19202114285714286,0.48740257142857146,0.6204431428571429,3.5255071428571427,132,115
2026-02-15,MARKET,251,0.18043665338645418,-0.0799272749003984,-0.00181813545816733,0.09357961752988048,-0.008529203187250993,3.409686055776892,40974,8692
2026-02-15,SHIB,6,-0.03771666666666667,0.02201183333333333,0.004093333333333334,-0.3332926666666667,0.010188333333333332,2.2228226666666666,52,0
2026-02-15,SOL,24,0.30872916666666667,-0.005568374999999998,0.088721,-0.015471791666666667,0.593250625,3.8654722083333333,426,170
2026-02-16,BNB,11,0.04624545454545456,-0.1727469090909091,-0.10704927272727273,-0.48560200000000003,-0.3212992727272727,2.281682454545454,10,15
2026-02-16,BTC,108,0.17787037037037037,0.02591562962962963,0.07150203703703704,0.1733176388888889,0.2240963888888889,3.887133351851852,2777,1680
2026-02-16,DOGE,11,0.32236363636363635,0.02199381818181818,0.11210472727272727,0.206915,0.37613454545454544,3.424551272727273,173,131
2026-02-16,ETH,17,0.4319235294117647,0.1311241176470588,0.2213639411764706,0.6082415294117647,1.0551936470588235,3.5028514117647056,196,183
2026-02-16,MARKET,359,0.13251420612813372,-0.07110586072423397,-0.010019841225626741,0.0658720668523677,-0.07853568523676879,3.5711940306406684,28872,15392
2026-02-16,SHIB,7,0.06928571428571428,0.18846657142857143,0.15271228571428572,0.2109315714285714,0.6161775714285714,2.636857714285714,48,6
2026-02-16,SOL,42,0.3384904761904762,0.07482964285714286,0.15392792857142856,0.2608694761904762,0.5206696428571428,3.313721880952381,359,159
2026-02-17,BNB,15,0.3038266666666667,0.08103606666666667,0.14787326666666667,0.3881433333333334,0.35078753333333335,2.2241832666666665,15,15
2026-02-17,BTC,104,0.10047596153846154,-0.06119586538461538,-0.012694336538461538,-0.13102733653846155,0.11586795192307692,3.6127105480769233,5062,2160
2026-02-17,DOGE,12,0.13576666666666667,0.04675025,0.07345525,0.04926141666666667,0.31819949999999997,2.764877916666667,131,17
2026-02-17,ETH,11,0.2485090909090909,0.017009909090909093,0.08645981818181818,0.052681272727272736,0.29895354545454544,3.6776259999999996,182,139
2026-02-17,MARKET,411,0.15682165450121655,-0.03756603406326034,0.020750279805352795,0.16982175669099756,0.08216592214111922,3.370368815085158,31150,22137
2026-02-17,SHIB,9,0.3454111111111111,0.11100977777777778,0.1813301111111111,0.3157264444444445,0.6747886666666667,3.6831815555555556,124,31
2026-02-17,SOL,43,0.1773488372093023,-0.007574930232558141,0.04790213953488372,-0.18845851162790697,0.14512611627906977,3.446333441860465,156,249
2026-02-18,BNB,14,0.2493642857142857,-0.009041642857142857,0.06848007142857142,0.11602364285714287,0.10226664285714289,2.766520142857143,24,41
2026-02-18,BTC,100,0.145747,-0.026989110000000004,0.02483176,0.004618419999999999,0.25071545,3.75796979,5088,1344
2026-02-18,DOGE,12,0.2874083333333333,0.019100083333333337,0.09959250000000001,0.1558770833333333,0.42834658333333336,3.8817795833333335,172,52
2026-02-18,ETH,26,0.16919615384615383,0.0683856923076923,0.09862892307692307,0.10279603846153844,0.3741324230769231,3.477170192307692,247,189
2026-02-18,MARKET,418,0.09448133971291867,-0.036185311004784684,0.0030146794258373204,0.1099061913875598,-0.004484799043062189,3.558647870813397,21096,22139
2026-02-18,SHIB,9,0.2336111111111111,0.06320655555555556,0.11432800000000001,0.07037277777777778,0.5485694444444444,4.866149666666667,203,116
2026-02-18,SOL,43,0.19866976744186046,-0.03071569767441861,0.03809986046511628,-0.22999967441860467,-0.10526432558139535,3.594029558139535,354,289
2026-02-19,BNB,19,0.16027368421052635,0.021923052631578944,0.0634281052631579,0.09870810526315787,0.24107552631578946,2.699460315789474,36,50
2026-02-19,BTC,109,0.1285605504587156,0.006153018348623855,0.042875266055045866,0.06984034862385322,0.12647603669724772,2.9819225688073394,1528,892
2026-02-19,DOGE,14,-0.16740714285714284,-0.038121857142857145,-0.0769075,-0.5640772142857143,-0.12370914285714285,2.744109714285714,165,45
2026-02-19,ETH,29,0.12996896551724138,0.02767572413793103,0.058363827586206896,-0.06302320689655172,0.341588,3.0988384137931035,226,158
2026-02-19,MARKET,389,0.1463611825192802,-0.03296112596401028,0.02083553213367609,0.17010978149100256,0.12076304884318767,3.3753502544987146,17336,21371
2026-02-19,SHIB,1,0.8126,0.272498,0.434529,1.242909,0.735721,1.693147,1,0
2026-02-19,SOL,52,0.1905423076923077,-0.04050319230769231,0.028810461538461538,-0.26936734615384617,0.20566238461538464,3.2553820384615384,185,172
2026-02-20,BNB,10,0.15336999999999998,0.0507997,0.0815707,0.1608917,0.2985266,2.3271830000000002,17,12
2026-02-20,BTC,124,0.07096451612903226,-0.08176265322580646,-0.03594449193548387,-0.21506975806451611,-0.12966587903225807,3.268013814516129,3226,1013
2026-02-20,DOGE,13,0.2890615384615385,0.01180523076923077,0.09498207692307693,0.13707076923076925,0.44562976923076925,3.9819799230769233,97,148
2026-02-20,ETH,20,0.20881500000000003,0.0796664,0.118411,0.18426205,0.41528135,3.4148565500000005,190,169
2026-02-20,MARKET,473,0.07807949260042284,-0.1349062706131078,-0.07101055391120507,-0.14017072304439748,-0.23310372727272727,3.5546395243128965,86415,40565
2026-02-20,SHIB,5,0.12564,0.0313664,0.05964860000000001,-0.1298562,0.1560642,2.674202,20,5
2026-02-20,SOL,54,0.2507314814814815,0.01231503703703704,0.08383996296296295,-0.03615716666666667,0.3621807777777778,3.211604962962963,181,201
2026-02-21,BNB,10,0.22147,0.029060799999999998,0.0867836,0.1787589,0.173937,2.2748579999999996,9,13
2026-02-21,BTC,91,0.2692307692307692,0.0033180989010989,0.0830919010989011,0.21521152747252748,0.34092645054945053,3.566351692307692,3444,1403
2026-02-21,DOGE,5,0.20264,-0.023405400000000003,0.044408199999999995,-0.06922299999999999,-0.059002,3.4063435999999996,38,13
2026-02-21,ETH,5,0.55226,0.0386572,0.192738,0.49035460000000003,0.9136178000000001,4.7757917999999995,136,63
2026-02-21,MARKET,282,0.08152375886524822,-0.070044,-0.024573691489361702,0.016705354609929078,-0.0016537127659574423,3.2945824219858153,51263,7063
2026-02-21,SHIB,1,0.0,0.123119,0.086183,-0.032691,0.395023,4.583519,17,1
2026-02-21,SOL,33,0.16990909090909093,0.11873372727272728,0.13408633333333334,0.17678251515151516,0.34943742424242424,2.7415959696969696,51,55
2026-02-22,BNB,10,0.20861000000000002,-0.2079808,-0.08300370000000001,-0.403186,-0.0781528,2.3446182999999996,14,12
2026-02-22,BTC,92,0.16087282608695652,-0.05981079347826087,0.0063942934782608716,-0.06202751086956522,0.1237409347826087,3.036723065217391,2069,976
2026-02-22,DOGE,3,0.17143333333333333,-0.05312433333333333,0.014243,-0.19226866666666667,0.251325,3.587673666666667,24,48
2026-02-22,ETH,11,0.1361,-0.006060090909090909,0.036587909090909095,-0.15270063636363634,0.212681,3.6004134545454547,142,110
2026-02-22,MARKET,285,0.08313684210526315,-0.10089254035087719,-0.0456837298245614,-0.05461002456140351,-0.16348737543859648,3.395801642105263,22850,11601
2026-02-22,SHIB,4,0.09505,-0.19166375,-0.10564975000000001,-0.73515825,-0.6016365,4.95442325,67,19
2026-02-22,SOL,54,0.09554629629629631,-0.003943314814814814,0.025903574074074072,-0.2816865,0.06595394444444445,2.7744468703703706,92,93
2026-02-23,BNB,21,0.27134285714285716,-0.1339842380952381,-0.012386190476190469,-0.16114495238095236,-0.06184857142857142,2.36522,26,35
2026-02-23,BTC,137,0.23411386861313868,-0.031087284671532846,0.04847302189781021,0.09007458394160583,0.2013290510948905,3.3716207518248176,4147,1746
2026-02-23,DOGE,5,0.33771999999999996,0.0203462,0.11555839999999999,0.2210026,0.4852314,5.1040548,191,105
2026-02-23,ETH,10,0.25183,-0.05593359999999999,0.0363956,-0.15349249999999998,0.20217230000000003,3.4902318,152,278
2026-02-23,MARKET,470,0.09949446808510638,-0.09328815106382979,-0.03545337872340426,-0.020049170212765956,-0.21489393404255322,3.5819758851063828,52681,28957
2026-02-23,SHIB,4,0.27749999999999997,-0.01164525,0.0750985,-0.0732805,0.38073324999999997,5.2241255,73,45
2026-02-23,SOL,56,0.18140714285714285,0.017589553571428575,0.06673485714285714,-0.10864719642857143,0.2797890357142857,3.3172232142857143,403,205
2026-02-24,BNB,15,0.21538000000000002,-0.03407046666666667,0.040764666666666664,0.021029333333333358,0.15615133333333334,2.209307133333333,23,22
2026-02-24,BTC,119,0.1503857142857143,-0.03086220168067227,0.02351219327731092,-0.00015143697478990905,0.04805957983193278,3.941125420168067,3534,2242
2026-02-24,DOGE,10,0.27647,0.1361698,0.1782598,0.47676560000000007,0.7183656,4.5671325,215,122
2026-02-24,ETH,10,0.40815999999999997,0.0971201,0.19043190000000002,0.48085759999999994,1.1505909,5.0865292,341,185
2026-02-24,MARKET,474,0.09445759493670886,-0.10121388396624473,-0.04251248312236287,-0.04389666033755274,-0.154302,3.4836721856540085,56881,32886
2026-02-24,SHIB,5,0.01823999999999999,0.015490000000000026,0.016315199999999995,-0.28853780000000007,0.5008024,5.296228,97,48
2026-02-24,SOL,64,0.218559375,0.05761525,0.105898453125,0.057324640624999985,0.197595,3.215032171875,276,254
2026-02-25,BNB,10,0.10617000000000001,-0.044074300000000004,0.000998899999999997,-0.11526759999999996,-0.04524589999999999,2.2935358,13,13
2026-02-25,BTC,143,0.1267006993006993,-0.06131448951048951,-0.004909951048951051,-0.10288906993006994,0.03382802797202797,3.6432764545454543,4443,2459
2026-02-25,DOGE,9,0.1691111111111111,0.08354244444444445,0.109213,0.19511955555555557,0.5414344444444444,5.318929777777778,530,126
2026-02-25,ETH,10,0.20292,0.018215000000000002,0.0736266,-0.00016840000000000187,0.5835790000000001,4.329308,315,230
2026-02-25,MARKET,465,0.07954946236559139,-0.07325871397849461,-0.02741631182795699,0.007102232258064516,0.019133969892473124,3.3573259483870963,39328,29340
2026-02-25,SHIB,5,0.43268000000000006,0.2250816,0.287361,0.7039983999999999,0.9355668000000001,5.0027588,113,38
2026-02-25,SOL,65,0.2798784615384615,0.09683299999999999,0.15174663076923078,0.25162526153846154,0.5048251076923077,3.2320690615384615,252,212
2026-02-26,BNB,19,0.27556315789473684,-0.15887815789473683,-0.028545894736842103,-0.21653226315789473,-0.10124578947368422,2.0125377894736842,17,16
2026-02-26,BTC,145,0.18552275862068965,-0.012684565517241378,0.046777565517241375,0.08394599999999999,0.13197366206896552,3.277778379310345,7991,1942
2026-02-26,DOGE,4,0.36192500000000005,0.061441,0.15158649999999999,0.3679635,0.8129715,6.13986225,99,77
2026-02-26,ETH,7,0.29377142857142857,0.10416899999999998,0.1610497142857143,0.3598565714285714,0.5506785714285715,4.8404554285714285,189,203
2026-02-26,MARKET,436,0.09114839449541284,-0.09731418119266055,-0.04077542431192661,-0.03802842201834862,-0.11954786926605504,3.5713414472477063,31560,25550
2026-02-26,SHIB,6,0.40358333333333335,0.201676,0.262248,0.6120376666666667,1.1141893333333333,4.183504166666666,143,21
2026-02-26,SOL,50,0.202774,0.03082058,0.0824066,-0.04223166000000001,0.38448302,3.3279262,328,155
2026-02-27,BNB,19,0.0818842105263158,0.05862768421052631,0.06560473684210527,0.10616847368421052,0.10815915789473685,2.5191891578947367,48,41
2026-02-27,BTC,87,0.26561149425287356,0.014333793103448275,0.08971706896551723,0.2391595747126437,0.22712106896551726,3.524351609195402,3705,915
2026-02-27,DOGE,8,0.16625,0.12598399999999998,0.138063875,0.312804125,0.5963005,3.28121175,175,43
2026-02-27,ETH,16,0.127425,-0.013364000000000008,0.028872749999999996,-0.184473125,0.23608493749999998,3.9541653125,243,183
2026-02-27,MARKET,433,0.09740646651270207,-0.08607536720554272,-0.031030824480369514,-0.005108581986143187,-0.07503560969976904,3.643799297921478,57398,41101
2026-02-27,SHIB,6,0.26263333333333333,-0.07814449999999999,0.024088999999999982,-0.260071,0.23845833333333336,4.721783666666667,107,45
2026-02-27,SOL,43,0.12491162790697674,-0.024472139534883718,0.020342930232558138,-0.30525202325581396,0.08155588372093023,3.1071914651162786,122,114
2026-02-28,BNB,14,0.0354142857142857,-0.05175385714285714,-0.02560342857142858,-0.20644692857142855,0.06353057142857145,2.5349063571428574,26,16
2026-02-28,BTC,95,0.2112978947368421,-0.050242315789473684,0.02821976842105263,0.016865042105263173,0.03694861052631579,3.426335642105263,2150,1131
2026-02-28,DOGE,6,-0.08408333333333334,-0.037762333333333335,-0.051658666666666665,-0.46108566666666667,-0.30183166666666666,5.324449833333333,156,111
2026-02-28,ETH,14,0.3591214285714286,0.0006117857142857175,0.1081647142857143,0.14206607142857142,0.6455692857142857,4.272102428571428,244,211
2026-02-28,MARKET,328,0.034727134146341467,-0.11325993292682926,-0.06886382621951219,-0.1329185274390244,-0.40768478658536583,3.868610426829268,48803,10243
2026-02-28,SHIB,4,-0.113625,-0.0033774999999999986,-0.03645175,-0.481764,-0.3333505,4.960993500000001,71,39
2026-02-28,SOL,51,0.09881960784313724,-0.03546158823529413,0.004822823529411762,-0.3710248823529412,0.06168731372549019,2.9699043333333335,101,165
2026-03-01,BNB,12,0.05995833333333333,-0.024340416666666666,0.0009492500000000079,-0.11543766666666667,-0.2557325833333333,2.6065868333333335,26,30
2026-03-01,BTC,80,0.0366625,-0.0560027375,-0.028203174999999997,-0.18708711249999999,-0.173897425,3.3719893125,2996,959
2026-03-01,DOGE,7,0.30964285714285716,0.08436785714285715,0.15195028571428573,0.3694475714285715,0.5409344285714286,4.550213428571428,631,67
2026-03-01,ETH,13,0.2643846153846154,-0.04590715384615384,0.04718038461538462,-0.1090789230769231,0.4833783076923076,3.7647695384615383,216,88
2026-03-01,MARKET,310,0.08673645161290323,-0.09480753870967741,-0.04034435806451613,-0.036572200000000006,-0.07472518387096773,3.7632395,50397,20014
2026-03-01,SHIB,3,0.48563333333333336,0.047536,0.17896533333333334,0.307067,0.8308566666666667,4.094282333333333,61,7
2026-03-01,SOL,62,0.09932741935483871,0.016176564516129033,0.041121774193548385,-0.21719314516129032,0.14814462903225806,2.9091791612903224,150,134
2026-03-02,BNB,13,0.07422307692307692,-0.14806076923076922,-0.08137561538461538,-0.39760584615384614,-0.21203969230769235,2.7493425384615384,33,32
2026-03-02,BTC,102,0.30759313725490195,0.0010022156862745089,0.09297950980392157,0.2509523137254902,0.5255143039215686,3.7918576274509803,8282,1401
2026-03-02,DOGE,11,0.18838181818181818,0.004251272727272731,0.05949045454545454,-0.007701818181818158,0.26258036363636367,5.361299272727273,941,216
2026-03-02,ETH,9,0.5506777777777778,0.018246444444444444,0.17797588888888888,0.42956144444444444,0.9250038888888888,4.976480555555556,188,186
2026-03-02,MARKET,421,0.09618646080760096,-0.06715113064133017,-0.01814988836104513,0.03840665320665083,-0.17595666983372918,3.6427348764845604,59907,29418
2026-03-02,SHIB,3,0.1858,-0.02883933333333333,0.03555266666666667,-0.21809266666666663,-0.22516500000000003,3.692792666666667,63,12
2026-03-02,SOL,49,0.19628979591836734,0.006255163265306122,0.0632655306122449,-0.12334981632653061,0.22455524489795917,2.823893816326531,105,88
2026-03-03,BNB,8,0.11872500000000001,0.08285575,0.0936165,0.20217874999999996,0.345195125,2.790206375,14,14
2026-03-03,BTC,84,0.15965238095238096,-0.010451916666666663,0.040579357142857146,0.06154130952380952,0.08295632142857143,3.8559150357142857,2841,955
2026-03-03,DOGE,13,0.18170769230769232,0.04241784615384615,0.08420476923076924,0.09310946153846154,0.22697438461538463,4.486246,257,225
2026-03-03,ETH,14,0.45135000000000003,-0.03151,0.113348,0.16341185714285716,0.6570882857142857,4.310325357142857,257,132
2026-03-03,MARKET,469,0.05108507462686567,-0.09492512579957356,-0.05112208315565032,-0.07298218763326225,-0.15699715778251597,3.5081493837953093,37393,31158
2026-03-03,SHIB,1,0.0,0.202755,0.141928,0.171441,0.908082,6.398163,12,16
2026-03-03,SOL,47,0.2256340425531915,0.07613953191489362,0.1209878085106383,0.12127208510638297,0.3769145744680851,3.5720142978723404,412,235
2026-03-04,BNB,13,0.1407846153846154,0.03086138461538462,0.06383838461538462,0.10011438461538459,0.09087107692307693,2.4743624615384614,22,24
2026-03-04,BTC,122,0.18751147540983606,-0.03568284426229507,0.031275418032786884,0.027910303278688518,0.2041435655737705,4.175080401639344,5154,2176
2026-03-04,DOGE,16,0.11234374999999999,-0.009878999999999995,0.026787750000000006,-0.14109825,0.12381956249999998,4.2811983125,431,176
2026-03-04,ETH,7,0.3931428571428571,0.061559857142857145,0.16103485714285717,0.3597951428571428,0.7595867142857143,4.621594571428572,192,163
2026-03-04,MARKET,417,0.07786402877697843,-0.08737326858513189,-0.03780209832134293,-0.02798371462829736,-0.14909865947242207,3.1900187673860914,36580,23198
2026-03-04,SHIB,3,-0.146,-0.4015336666666667,-0.32487366666666667,-1.537929,-1.9199490000000001,4.3750100000000005,29,21
2026-03-04,SOL,58,0.23134310344827586,0.0846916551724138,0.12868708620689656,0.1539009482758621,0.4435237586206896,3.183401379310345,243,140
2026-03-05,BNB,12,0.13793333333333332,0.14364891666666665,0.14193416666666667,0.36778724999999995,0.23204125,2.0907923333333334,8,17
2026-03-05,BTC,84,0.2089392857142857,-0.05628371428571429,0.023283166666666664,-0.000979345238095245,0.2329012261904762,3.2636205357142862,1437,923
2026-03-05,DOGE,9,-0.015688888888888877,0.04279277777777777,0.025248333333333334,-0.14737755555555548,0.1962008888888889,3.711892222222222,296,118
2026-03-05,ETH,7,0.7427571428571429,0.015134285714285715,0.23342114285714285,0.6578957142857143,1.1692075714285715,5.021918714285714,183,84
2026-03-05,MARKET,417,0.0887546762589928,-0.05730710551558753,-0.01348858752997602,0.05415378417266187,-0.06445406235011991,3.04170351558753,62329,24404
2026-03-05,SOL,52,0.35336346153846154,0.05791413461538461,0.14654884615384617,0.22959740384615385,0.5273098269230769,3.1690994999999997,206,139
2026-03-06,BNB,20,0.168285,-0.008303149999999999,0.0446733,0.03442625,0.09381030000000001,2.40816255,31,32
2026-03-06,BTC,87,0.23999080459770117,-0.005914505747126437,0.06785703448275862,0.16014205747126437,0.23623259770114943,3.902139091954023,2094,940
2026-03-06,DOGE,8,-0.027575,-0.0773365,-0.062408000000000005,-0.504933125,-0.0031385000000000163,4.210178375,287,97
2026-03-06,ETH,16,0.240425,-0.008100000000000003,0.0664575,-0.02969218750000001,0.3394475,4.4036978125,257,164
2026-03-06,MARKET,449,0.10639732739420935,-0.07404006904231626,-0.01990886636971047,0.032464365256124714,-0.03649213585746103,3.607835325167038,57468,33173
2026-03-06,SHIB,3,0.32513333333333333,-0.007128666666666665,0.09255000000000001,-0.009375666666666671,0.540053,5.948300666666666,108,24
2026-03-06,SOL,41,0.2311512195121951,0.005206414634146341,0.07298990243902438,-0.0821388780487805,0.21689758536585363,3.3674990731707317,210,208
2026-03-07,BNB,21,0.058404761904761904,-0.07400761904761904,-0.03428395238095239,-0.23619928571428572,-0.03093223809523811,2.0095179047619047,20,15
2026-03-07,BTC,107,0.08853457943925234,-0.03546571028037383,0.0017343364485981312,-0.07887193457943925,0.08482771028037382,3.2015127663551404,1308,826
2026-03-07,DOGE,12,-0.004458333333333342,-0.042592083333333336,-0.031152166666666665,-0.37743841666666667,0.04195391666666667,2.78228,69,93
2026-03-07,ETH,10,0.43226000000000003,0.0034880000000000024,0.1321195,0.24071640000000002,0.4259062,3.7865315,132,92
2026-03-07,MARKET,327,0.1060137614678899,-0.08403976452599389,-0.027023712538226302,0.008428513761467887,-0.16988013149847095,3.1519156574923546,37054,4344
2026-03-07,SHIB,2,0.29755,0.0253,0.106975,0.04344700000000001,0.984048,5.4809395,75,51
2026-03-07,SOL,53,0.3469905660377358,0.07322888679245283,0.15535739622641512,0.2669273018867925,0.517321320754717,3.112197094339623,164,143
2026-03-08,BNB,16,0.17558125,-0.203747375,-0.08994881249999999,-0.42699025,-0.2596675625,2.6143683125,34,34
2026-03-08,BTC,79,0.24376835443037975,-0.012416544303797471,0.06443893670886076,0.14778658227848102,0.3660878860759494,3.6157694430379745,2863,1107
2026-03-08,DOGE,7,-0.022757142857142858,-0.08723642857142856,-0.06789271428571429,-0.5273054285714286,-0.3108405714285714,6.6443388571428565,431,293
2026-03-08,ETH,7,0.20120000000000002,-0.07363457142857142,0.008815857142857143,-0.26707128571428573,0.1799307142857143,5.419386,228,97
2026-03-08,MARKET,316,0.06989651898734177,-0.1006142911392405,-0.04946106962025317,-0.06737085443037975,-0.15656459493670885,3.076080908227848,21685,21302
2026-03-08,SOL,37,0.23306486486486486,0.07978540540540541,0.12576924324324326,0.14153535135135134,0.4481914054054054,2.9613005135135135,98,94
2026-03-09,BNB,16,0.23363125,-0.043915187499999994,0.0393486875,0.016176062499999977,-0.09992962499999997,2.0650621875,22,9
2026-03-09,BTC,90,0.27080888888888893,-0.007892211111111113,0.07571813333333333,0.18855752222222222,0.3474940222222222,4.0261152000000004,5062,1421
2026-03-09,DOGE,6,0.13831666666666667,-0.036339,0.0160575,-0.1848673333333333,-0.1223661666666667,7.395097,315,177
2026-03-09,ETH,7,-0.01771428571428573,-0.12701114285714285,-0.09422214285714285,-0.6914011428571428,0.16771214285714284,4.244464285714286,164,89
2026-03-09,MARKET,537,0.08734804469273744,-0.11146757541899441,-0.05182290875232774,-0.07534972067039107,-0.13737820484171323,3.3919935865921786,69963,33328
2026-03-09,SHIB,1,0.0,-0.918661,-0.643063,-2.703099,-3.419478,5.317488,24,2
2026-03-09,SOL,43,0.12445581395348838,0.09704855813953488,0.10527081395348838,0.05466481395348839,0.412094534883721,3.2773421395348836,403,176
2026-03-10,BNB,11,0.4436454545454545,0.23939000000000002,0.30066654545454546,0.9118415454545455,0.6612926363636364,2.412549818181818,12,23
2026-03-10,BTC,112,0.18220357142857144,-0.002781357142857143,0.05271410714285714,0.10540482142857144,0.2050313660714286,3.4098614821428574,1769,889
2026-03-10,DOGE,8,0.03775,-0.017030250000000004,-0.0005962499999999965,-0.252799375,-0.029389875,6.336121,334,197
2026-03-10,ETH,11,0.2393909090909091,-0.0939099090909091,0.006080454545454533,-0.2783361818181818,0.20121163636363637,3.5613494545454545,162,110
2026-03-10,MARKET,457,0.08942844638949672,-0.08237620568927789,-0.030834829321663024,-0.004446420131291037,-0.12686156673960614,3.3512222078774614,28201,27942
2026-03-10,SHIB,2,0.39035,0.334008,0.350911,0.9367105,2.302327,6.6783459999999994,44,25
2026-03-10,SOL,57,0.33610350877192985,0.12094128070175439,0.18549,0.394626649122807,0.6495462456140351,3.370076596491228,330,180
2026-03-11,BNB,9,0.19366666666666665,-0.04861611111111111,0.024068666666666665,-0.03619622222222221,0.15637,2.2250904444444446,11,7
2026-03-11,BTC,75,0.16576000000000002,0.024266453333333333,0.06671452,0.15601214666666666,0.26874321333333334,3.2868763999999997,684,811
2026-03-11,DOGE,7,0.40064285714285713,0.13975500000000002,0.21802142857142856,0.6389557142857143,0.7179477142857144,3.771312714285714,176,32
2026-03-11,ETH,4,0.356675,-0.1047435,0.03368225,-0.16466674999999997,0.67498425,4.8737965,144,72
2026-03-11,MARKET,488,0.11305225409836066,-0.1320363299180328,-0.058509790983606556,-0.09793977868852459,-0.16722904303278688,3.27811156147541,42676,28593
2026-03-11,SHIB,3,0.06096666666666667,-0.20395833333333332,-0.12448100000000001,-0.804116,-0.42754099999999995,5.7262803333333325,64,27
2026-03-11,SOL,60,0.10650833333333334,0.07761858333333334,0.0862855,-0.025793233333333335,0.3353293,3.0346205333333334,158,238
2026-03-12,BNB,6,0.13136666666666666,-0.21577516666666666,-0.11163283333333333,-0.501312,-0.7024231666666667,2.921098666666667,13,16
2026-03-12,BTC,80,0.21860624999999997,0.02229755,0.08119015,0.2083372625,0.22286723749999998,3.5019934624999998,1642,843
2026-03-12,DOGE,14,0.25455,0.07551342857142858,0.12922442857142857,0.27674728571428575,0.5046652857142857,3.769925642857143,229,151
2026-03-12,ETH,9,0.27126666666666666,0.010993333333333334,0.08907522222222224,0.0634518888888889,0.4984134444444444,4.5436704444444445,190,121
2026-03-12,MARKET,439,0.10695990888382688,-0.1119034806378132,-0.04624450113895216,-0.056504373576309795,-0.11760495216400911,3.2346020410022778,33190,30562
2026-03-12,SHIB,2,-0.3243,0.371232,0.162572,0.2470365,0.795141,2.629048,13,0
2026-03-12,SOL,49,0.18034489795918368,0.06493395918367346,0.09955726530612245,0.030451244897959192,0.3828977755102041,3.0816177959183673,156,154
2026-03-13,BNB,14,0.03895714285714286,0.007911357142857131,0.017225142857142866,-0.059652142857142855,-0.05475971428571423,2.2864665714285715,18,24
2026-03-13,BTC,80,0.07338625,0.008871337500000003,0.0282257625,0.0168867125,0.1155356,3.9322597625,2721,1281
2026-03-13,DOGE,16,0.09732500000000001,0.0717516875,0.07942375,0.07360718749999998,0.29578375,3.7543069375,262,143
2026-03-13,ETH,11,0.14714545454545455,-0.13314318181818183,-0.04905663636363637,-0.505401,-0.19425618181818186,4.038884818181819,167,156
2026-03-13,MARKET,476,0.03920798319327731,-0.12445497689075631,-0.07535610084033613,-0.15485115336134453,-0.3579777142857143,3.34763818907563,66642,37709
2026-03-13,SHIB,2,-0.2997,-0.15472999999999998,-0.19822099999999998,-1.0741425,-0.429691,2.242453,6,0
2026-03-13,SOL,43,0.14830697674418605,0.045384069767441866,0.07626090697674419,-0.06827653488372093,0.20704618604651162,2.9155356511627906,93,145
2026-03-14,BNB,4,0.13472499999999998,-0.03063600000000001,0.01897225,-0.05366400000000002,-0.01800199999999999,2.44208,6,5
2026-03-14,BTC,63,0.23447301587301586,-0.03220395238095238,0.04779914285714286,0.08763868253968253,0.19560433333333335,3.5375914444444443,4198,840
2026-03-14,DOGE,14,0.15467857142857142,0.0012511428571428558,0.04727921428571429,-0.05751228571428573,0.12655792857142856,2.674763714285714,96,95
2026-03-14,ETH,7,0.15597142857142857,-0.09052814285714285,-0.016578285714285722,-0.371649,0.2986751428571428,4.150741285714285,156,46
2026-03-14,MARKET,376,0.08078537234042553,-0.09853875531914892,-0.04474155053191489,-0.05142701861702128,-0.1099036755319149,3.248911880319149,72083,6677
2026-03-14,SOL,40,0.2520225,0.062019525,0.11902042500000001,0.11293442499999999,0.486429325,3.220010175,155,116
2026-03-15,BNB,11,0.19561818181818183,-0.04202172727272727,0.029270363636363636,-0.018367272727272732,0.07663181818181816,2.4585834545454546,12,25
2026-03-15,BTC,62,0.13314516129032258,-0.03372472580645161,0.01633616129032258,-0.02609069354838712,0.03129533870967741,4.039095338709678,3104,859
2026-03-15,DOGE,8,0.09403750000000001,-0.015947875,0.017047624999999997,-0.18082862500000002,0.036748249999999996,2.5816774999999996,100,13
2026-03-15,ETH,9,0.1247888888888889,-0.07172077777777779,-0.012767888888888888,-0.3559571111111111,0.21194933333333335,3.9717693333333335,178,132
2026-03-15,MARKET,302,0.10629900662251655,-0.08360783112582781,-0.02663577152317881,0.009739105960264895,-0.040213321192052974,3.0426936655629135,13601,13878
2026-03-15,SHIB,2,0.8994,0.06424099999999999,0.314789,0.8044365,1.4387565,4.5549395,23,8
2026-03-15,SOL,52,0.3136557692307692,0.07959565384615384,0.14981365384615383,0.24343348076923077,0.5121943076923077,3.2937254038461536,241,159
2026-03-16,BNB,12,-0.007500000000000011,-0.16146508333333334,-0.11527549999999999,-0.5137974166666667,-0.21318983333333333,2.468124,20,25
2026-03-16,BTC,95,0.25348,0.005786968421052631,0.0800949052631579,0.20437827368421052,0.37449064210526317,3.6929038315789477,2123,1521
2026-03-16,DOGE,5,0.1119,0.10803879999999999,0.10919720000000002,0.19505519999999996,0.18722059999999993,4.4264242000000005,124,59
2026-03-16,ETH,12,0.1722,0.03629891666666667,0.07706933333333334,0.014009499999999996,0.19514050000000002,3.5721159166666663,194,218
2026-03-16,MARKET,429,0.10136783216783217,-0.06327647086247086,-0.01388320979020979,0.05282067599067599,0.033277326340326346,3.3329524195804194,36120,24994
2026-03-16,SHIB,2,0.42115,0.7395235,0.6440115,2.010008,3.735862,5.727349,50,8
2026-03-16,SOL,63,0.2489825396825397,0.028852507936507937,0.09489146031746032,0.010678111111111114,0.3734203650793651,3.151057174603175,232,212
2026-03-17,BNB,6,0.42861666666666665,-0.198151,-0.010120666666666658,-0.15338000000000004,0.052372333333333354,2.1701805000000003,6,10
2026-03-17,BTC,91,0.14904065934065935,0.0181021978021978,0.05738371428571428,0.12228406593406593,0.3831596153846154,3.953983175824176,2695,976
2026-03-17,DOGE,11,0.19669090909090906,0.09303463636363637,0.12413154545454547,0.25597309090909093,0.2907941818181818,2.8324647272727272,96,81
2026-03-17,ETH,8,0.2509625,0.062482499999999996,0.11902650000000001,0.186797,0.557587375,3.909854,172,166
2026-03-17,MARKET,390,0.11676589743589744,-0.06295697692307692,-0.009040138461538462,0.06918184871794872,0.021310830769230772,3.1486182871794868,23241,21722
2026-03-17,SHIB,3,0.11333333333333334,0.047945666666666664,0.067562,-0.10087833333333333,0.11439233333333333,1.693147,3,0
2026-03-17,SOL,60,0.13599833333333333,0.11862170000000001,0.12383469999999999,0.13333688333333332,0.44836475,3.14464035,191,140
2026-03-18,BNB,5,0.12346000000000001,-0.1008256,-0.03353980000000001,-0.23364880000000002,-0.1300014,1.7742402,3,5
2026-03-18,BTC,90,0.2323288888888889,-0.0030363555555555552,0.06757318888888889,0.15911594444444443,0.4356518666666667,3.8070614666666667,3287,880
2026-03-18,DOGE,9,0.31651111111111113,0.05719944444444444,0.13499288888888888,0.3002772222222222,0.4393576666666667,4.623066111111111,343,125
2026-03-18,ETH,11,0.1717363636363636,-0.06167390909090909,0.008349181818181815,-0.2689929090909091,0.20477872727272725,4.5296981818181825,177,211
2026-03-18,MARKET,460,0.07777347826086957,-0.10188471739130435,-0.04798730434782608,-0.06239205652173913,-0.16203468913043478,3.3587834478260867,55804,32567
2026-03-18,SHIB,4,0.35355000000000003,-0.05372849999999999,0.068455,-0.0976085,0.671248,4.6046612499999995,139,34
2026-03-18,SOL,50,0.18711200000000003,0.025503859999999996,0.07398632,-0.07791606,0.3172052,3.60832562,311,178
2026-03-19,BNB,12,0.174725,-0.15030174999999998,-0.052793666666666676,-0.29964133333333337,-0.11359133333333332,2.4915166666666666,11,33
2026-03-19,BTC,68,0.08875882352941177,-0.035202250000000004,0.001986029411764707,-0.07796210294117648,0.13794145588235296,3.9131392647058827,1116,696
2026-03-19,DOGE,11,-0.0765909090909091,-0.011136272727272729,-0.030772545454545462,-0.37589,-0.22053154545454545,5.632545818181819,385,217
2026-03-19,ETH,7,0.24594285714285716,-0.19040985714285716,-0.059504,-0.548425,0.19049857142857146,4.772825714285714,140,117
2026-03-19,MARKET,463,0.0762023758099352,-0.12141055939524838,-0.06212670842332614,-0.11015873002159828,-0.32128857019438445,3.412427507559395,17114,28167
2026-03-19,SOL,29,0.1845137931034483,0.01967131034482758,0.06912403448275863,-0.098522,0.29780717241379306,3.050789206896552,73,79
2026-03-20,BNB,7,0.15615714285714286,-0.06958557142857143,-0.0018625714285714276,-0.12507514285714286,-0.1128107142857143,2.6741374285714286,8,20
2026-03-20,BTC,73,0.1715205479452055,0.013543219178082197,0.06093638356164383,0.13512587671232876,0.21055682191780822,3.2810078356164385,1465,791
2026-03-20,DOGE,4,0.231625,-0.1243345,-0.017546499999999993,-0.32194025000000004,0.4240345,5.0351402499999995,128,55
2026-03-20,ETH,9,-0.055977777777777765,-0.01936055555555556,-0.030345777777777774,-0.42834622222222224,0.18002933333333332,3.891028111111111,150,81
2026-03-20,MARKET,474,0.09339578059071729,-0.13565862447257385,-0.06694233755274262,-0.1264271582278481,-0.23006235864978905,3.391507364978903,42876,39431
2026-03-20,SHIB,3,0.0897,0.08928733333333334,0.089411,-0.02087,0.11218966666666667,2.059351,2,5
2026-03-20,SOL,53,0.2644622641509434,0.07708701886792453,0.13329958490566038,0.17344822641509433,0.47945671698113207,3.316674188679245,228,140
2026-03-21,BNB,5,0.41428000000000004,0.08538879999999999,0.184056,0.5121595999999999,0.2855052,1.8317764,3,4
2026-03-21,BTC,69,0.15640724637681158,0.0009432028985507247,0.04758240579710145,0.08685521739130433,0.27557923188405803,3.0906677391304345,1435,537
2026-03-21,DOGE,8,0.1883,-0.03192475,0.034142625,-0.11109700000000003,0.15245387500000002,3.723485,125,118
2026-03-21,ETH,9,0.3949777777777778,-0.09592577777777778,0.051345333333333326,-0.09192677777777776,0.43266166666666667,3.5402152222222223,118,95
2026-03-21,MARKET,320,0.1038696875,-0.0640577,-0.013679509375000001,0.053508796875,-0.0001863562500000011,3.037923684375,18919,3254
2026-03-21,SHIB,2,-0.22455,-0.126859,-0.1561665,-0.9201445,-0.872578,4.22286,45,6
2026-03-21,SOL,43,0.07907674418604652,0.017338348837209302,0.03585990697674419,-0.23949241860465115,0.15039513953488373,2.9410582790697677,95,126
2026-03-22,BNB,9,0.35533333333333333,0.17269844444444446,0.22748877777777776,0.6610251111111111,0.5755738888888888,2.2692123333333334,13,19
2026-03-22,BTC,77,0.17441298701298702,-0.004380441558441558,0.04925757142857143,0.09291044155844155,0.28470811688311687,3.604178649350649,4363,1105
2026-03-22,DOGE,4,0.23385,0.01574975,0.08117975,0.08077024999999999,0.59520825,6.9544975,228,45
2026-03-22,ETH,15,0.14268666666666666,-0.12155540000000001,-0.04228286666666666,-0.47750533333333334,0.18248933333333334,4.0732680666666665,316,95
2026-03-22,MARKET,342,0.122556432748538,-0.10385029824561404,-0.03592833625730994,-0.021653663742690055,-0.22170339766081867,3.1526656959064323,14148,17660
2026-03-22,SOL,45,0.36519333333333337,0.05222204444444445,0.14611346666666666,0.2277523777777778,0.4358378666666667,2.870168222222222,135,104
2026-03-23,BNB,15,0.23565333333333333,-0.07495120000000001,0.018230200000000012,-0.05620726666666668,0.038000133333333325,2.6295884666666667,20,31
2026-03-23,BTC,124,0.2054709677419355,-0.009202120967741933,0.05519978225806452,0.1143897741935484,0.18716267741935486,3.2915429193548387,2354,1230
2026-03-23,DOGE,17,-0.014194117647058841,-0.0035828823529411766,-0.0067662352941176415,-0.27796682352941177,-0.15664376470588234,2.9923031764705885,260,52
2026-03-23,ETH,13,0.2220846153846154,0.06430361538461539,0.11163792307692308,0.15636923076923076,0.5354870769230768,3.9727109230769226,174,147
2026-03-23,MARKET,574,0.06740836236933798,-0.09844864634146341,-0.04869156271777003,-0.0647712142857143,-0.2173194912891986,3.5066873954703834,84856,41739
2026-03-23,SHIB,1,0.481,0.08798,0.205886,0.405647,0.348595,1.693147,1,0
2026-03-23,SOL,58,0.19839137931034484,-0.029533999999999998,0.03884365517241379,-0.22684760344827587,0.1758506896551724,3.430695224137931,341,229
2026-03-24,BNB,14,0.37272142857142854,-0.16126335714285714,-0.0010677142857142806,-0.1223509285714286,-0.1169752142857143,2.4526308571428572,21,25
2026-03-24,BTC,124,0.19605725806451613,-0.014354540322580645,0.04876896774193548,0.0911443064516129,0.03222195967741934,3.081652830645161,3269,971
2026-03-24,DOGE,13,0.1273,0.04660030769230769,0.07081030769230769,0.03847253846153847,0.0746236923076923,3.6760479999999998,265,39
2026-03-24,ETH,12,0.4081666666666666,-0.02469916666666667,0.10516066666666667,0.12969466666666665,0.6143656666666667,4.288666583333334,171,108
2026-03-24,MARKET,501,0.0966497005988024,-0.07850404590818362,-0.025957956087824353,0.012028948103792417,-0.09467997005988024,3.228199512974052,31629,32199
2026-03-24,SHIB,2,0.22724999999999998,0.0033374999999999932,0.0705115,-0.09007799999999999,-0.20926849999999997,2.8920945,11,1
2026-03-24,SOL,56,0.31436964285714286,0.05890555357142857,0.13554476785714284,0.18296319642857142,0.5244144464285714,3.222205875,188,183
2026-03-25,BNB,11,0.2929090909090909,0.02872009090909091,0.10797672727272727,0.2513982727272727,0.26977963636363633,2.5754370000000004,10,33
2026-03-25,BTC,103,0.2546097087378641,0.02155304854368932,0.0914700582524272,0.24549607766990292,0.3314024854368932,3.203419640776699,1490,965
2026-03-25,DOGE,13,0.3617769230769231,-0.05652707692307693,0.06896400000000001,0.03094153846153847,0.4232848461538461,4.726783692307692,235,125
2026-03-25,ETH,13,0.22695384615384612,-0.06044723076923077,0.02577307692307693,-0.1972382307692308,0.29818492307692307,3.4883344615384617,153,72
2026-03-25,MARKET,450,0.12215155555555557,-0.09819748888888889,-0.03209282,-0.008696251111111114,-0.1466196111111111,3.258596902222222,24730,29350
2026-03-25,SHIB,1,0.0,-0.85062,-0.595434,-2.528687,-2.970611,4.988984,26,1
2026-03-25,SOL,57,0.2704508771929825,0.08995138596491228,0.14410126315789473,0.2192248596491228,0.4661517894736842,3.071509859649123,230,158
2026-03-26,BNB,17,0.22416470588235293,0.06973094117647059,0.116061,0.2791071176470588,0.3062398235294118,2.4316745294117648,24,52
2026-03-26,BTC,93,0.2603064516129032,-0.00290520430107527,0.07605822580645162,0.18978690322580646,0.3503253225806452,3.7392524731182792,1750,1130
2026-03-26,DOGE,12,0.17923333333333336,-0.004685583333333336,0.05049,-0.04441516666666668,0.11844241666666666,4.531896000000001,286,116
2026-03-26,ETH,10,0.13541999999999998,0.0317615,0.062859,-0.04451129999999999,0.43849499999999997,4.425262200000001,174,145
2026-03-26,MARKET,530,0.09904150943396225,-0.11328528301886792,-0.04958727735849057,-0.06779719622641509,-0.2319696471698113,3.4873921943396224,37181,42469
2026-03-26,SHIB,1,0.0,0.434042,0.303829,0.764302,2.617431,8.614805,51,38
2026-03-26,SOL,38,0.2831605263157895,0.024205710526315788,0.10189213157894737,0.040346263157894746,0.3240095,3.0789500263157894,93,94
2026-03-27,BNB,18,0.095,0.038650777777777784,0.05555550000000001,0.07172483333333332,0.08030633333333333,1.7926891666666667,14,9
2026-03-27,BTC,101,0.2058920792079208,-0.01714339603960396,0.04976721782178217,0.09475271287128713,0.2022688316831683,3.5170196831683165,2470,1057
2026-03-27,DOGE,14,0.28643571428571424,-0.09078964285714286,0.022378000000000002,-0.15908585714285714,0.5060810714285714,4.733863357142858,369,195
2026-03-27,ETH,12,0.22489166666666668,0.021697583333333336,0.08265583333333333,0.03701558333333333,0.363737,3.489551666666667,152,104
2026-03-27,MARKET,475,0.08492294736842106,-0.15719482105263158,-0.08455952210526316,-0.1859427157894737,-0.3575114631578948,3.5387069515789475,43436,49021
2026-03-27,SHIB,1,0.0,-0.530142,-0.371099,-1.7072,-0.628326,1.693147,1,0
2026-03-27,SOL,34,0.3407705882352941,-0.031163617647058824,0.08041664705882354,-0.05066494117647059,0.352482,3.288693764705882,122,180
2026-03-28,BNB,6,-0.060266666666666656,0.05863933333333334,0.022967500000000002,-0.03997016666666667,0.015727666666666678,1.8895894999999998,3,13
2026-03-28,BTC,90,0.21573333333333333,0.03524092222222223,0.08938865555555556,0.23797244444444443,0.3340599444444444,3.3475598444444445,2698,1022
2026-03-28,DOGE,10,0.30596,0.049361300000000004,0.1263407,0.2649844,0.6554903000000001,4.4739476,268,107
2026-03-28,ETH,7,0.27152857142857145,0.15579714285714288,0.1905167142857143,0.4812071428571429,0.7217645714285714,4.552045428571429,136,73
2026-03-28,MARKET,317,0.1336,-0.08814317981072556,-0.0216202523659306,0.026682820189274446,-0.06851906309148263,3.364489463722397,31938,5344
2026-03-28,SHIB,3,0.6074666666666667,0.07484966666666666,0.23463433333333336,0.5109196666666667,0.572333,2.723494666666667,23,1
2026-03-28,SOL,32,0.171878125,0.042918375,0.08160628125000001,-0.04562334375000001,0.272439875,2.829708125,58,59
2026-03-29,BNB,14,0.12341428571428571,0.01972407142857143,0.05083114285714286,0.05553214285714286,0.0938217142857143,1.9650514285714284,12,10
2026-03-29,BTC,72,0.25729583333333333,-0.009818930555555555,0.07031554166666666,0.16902880555555555,0.35804122222222223,3.9457510833333327,3297,779
2026-03-29,DOGE,6,0.6286166666666667,0.10509799999999998,0.2621535,0.8189730000000001,1.7574926666666666,6.884413333333334,308,103
2026-03-29,ETH,8,0.36605,-0.0057705,0.10577575,0.13222762500000002,0.5906033749999999,3.7795337499999997,140,92
2026-03-29,MARKET,284,0.1179975352112676,-0.09640261971830985,-0.03208257394366197,-0.008661658450704225,-0.09965889788732393,3.5341476549295776,20425,16739
2026-03-29,SHIB,2,0.4463,0.0982565,0.2026695,0.39386849999999995,0.34314900000000004,1.693147,2,0
2026-03-29,SOL,33,0.3532818181818182,0.057845212121212124,0.1464761818181818,0.22928960606060605,0.5494017272727273,3.0014789696969695,85,103
2026-03-30,BNB,11,0.33153636363636363,-0.016839818181818185,0.08767300000000001,0.18180745454545455,0.05394009090909091,2.366649818181818,13,19
2026-03-30,BTC,74,0.19468513513513513,-0.03031028378378378,0.03718836486486486,0.049283851351351354,0.3134841621621622,3.923807837837838,2639,1006
2026-03-30,DOGE,18,0.08873888888888888,-0.02118183333333333,0.011794444444444448,-0.2022567222222222,0.10031577777777777,3.4482535,147,163
2026-03-30,ETH,8,-0.07287500000000001,-0.024150875000000002,-0.038768375,-0.463032,0.047529750000000016,3.382808625,142,43
2026-03-30,MARKET,427,0.03160702576112412,-0.12695067915690866,-0.0793834074941452,-0.1684564566744731,-0.29570644028103044,3.5069362950819674,41002,37433
2026-03-30,SHIB,3,0.31966666666666665,0.156725,0.20560733333333334,0.4046263333333333,1.0810613333333334,4.166124333333333,31,10
2026-03-30,SOL,61,0.32851639344262296,0.04875290163934426,0.13268196721311476,0.17083091803278688,0.4500912786885246,3.049694081967213,165,182
2026-03-31,BNB,14,0.20585,0.004121857142857145,0.06464028571428572,0.10286292857142858,0.08877964285714286,2.5127524285714284,21,39
2026-03-31,BTC,97,0.12318969072164947,-0.04568469072164949,0.004977618556701035,-0.06714843298969073,0.012799752577319584,3.088574298969072,1383,814
2026-03-31,DOGE,9,0.061288888888888886,-0.005385333333333341,0.014616888888888901,-0.19074377777777776,0.04120511111111109,3.627069777777778,133,59
2026-03-31,ETH,20,0.14326500000000003,-0.07782775,-0.0115,-0.35073579999999993,0.019592999999999982,3.7845682500000004,294,165
2026-03-31,MARKET,474,0.07739430379746835,-0.10416654219409283,-0.04969831434599156,-0.06817232067510548,-0.1680292046413502,3.6728089092827005,32890,37881
2026-03-31,SHIB,3,0.16843333333333332,0.2582913333333333,0.231334,0.4988343333333334,0.4516273333333333,1.8283019999999999,6,0
2026-03-31,SOL,49,0.25666326530612243,0.02681812244897959,0.0957717142857143,0.014408469387755108,0.3295969183673469,2.973174081632653,94,160
2026-04-01,BNB,24,0.054370833333333334,-0.14617054166666665,-0.08600799999999999,-0.4134831666666667,-0.14391070833333333,1.9671439166666669,24,16
2026-04-01,BTC,70,0.20852285714285715,-0.09029861428571428,-0.0006521285714285746,-0.08749834285714286,0.0738685,3.5192611,1492,814
2026-04-01,DOGE,12,0.28755,-0.011905249999999997,0.07793133333333334,0.06751983333333332,0.4713988333333334,4.6408310833333335,267,87
2026-04-01,ETH,11,0.2737090909090909,-0.017652909090909094,0.06975554545454546,-0.0161100909090909,0.342177,3.400998,130,99
2026-04-01,MARKET,474,0.07233776371308016,-0.13090674683544304,-0.06993339873417723,-0.13653179746835442,-0.21715945147679322,3.2352543248945147,41432,42111
2026-04-01,SHIB,6,0.25161666666666666,-0.15900816666666667,-0.03582066666666667,-0.4794525,0.35042100000000004,3.9480295,126,55
2026-04-01,SOL,53,0.1646867924528302,0.039900584905660376,0.07733650943396227,-0.06371811320754717,0.3225597358490566,3.2633354150943394,207,146
2026-04-02,BNB,10,0.037310000000000024,-0.01177919999999999,0.0029475999999999947,-0.1085884,-0.04803799999999999,2.4296333999999997,7,33
2026-04-02,BTC,91,0.24707362637362637,-0.023897263736263736,0.05739403296703296,0.12232132967032966,0.356911054945055,3.58751278021978,1784,900
2026-04-02,DOGE,9,0.5938777777777777,0.061492000000000005,0.22120788888888887,0.6519533333333334,0.9273013333333334,4.177973111111111,158,63
2026-04-02,ETH,11,0.2059,0.07314954545454545,0.11297463636363636,0.16187436363636365,0.43510709090909094,3.311672727272727,132,84
2026-04-02,MARKET,464,0.12052284482758621,-0.08501845258620688,-0.02335609698275862,0.020818745689655173,-0.06519354094827587,3.2536800560344825,20093,24815
2026-04-02,SHIB,4,0.1457,0.0973105,0.111827,0.06121474999999999,0.18934,1.693147,4,0
2026-04-02,SOL,49,0.23875102040816326,0.023829714285714287,0.08830608163265305,-0.017230204081632658,0.34443412244897964,3.249641306122449,200,178
2026-04-03,BNB,10,0.47252,-0.019502600000000002,0.1281041,0.32038469999999997,0.2376372,1.8317764,10,2
2026-04-03,BTC,91,0.18617142857142857,-0.012381153846153846,0.047184648351648345,0.08541746153846154,0.08129085714285715,1.7052196593406592,91,2
2026-04-03,DOGE,8,0.2351,-0.013895125000000001,0.06080337500000001,-0.0023463750000000116,0.04917662500000003,1.779790375,8,1
2026-04-03,ETH,13,0.2281923076923077,0.041688615384615386,0.09763976923076924,0.09872230769230769,0.20502953846153846,2.0663799999999997,13,7
2026-04-03,MARKET,375,0.06935573333333334,-0.080426168,-0.03549164266666667,-0.020178389333333338,-0.07233134933333334,2.0158514613333334,377,178
2026-04-03,SHIB,1,0.2023,0.180833,0.187273,0.337488,0.317081,1.693147,1,0
2026-04-03,SOL,50,0.190524,0.03706822,0.08310496,-0.03927206,0.20467268,2.4268405,51,54
2026-04-04,BNB,15,0.5105533333333333,0.027068866666666667,0.17211426666666665,0.4712294,0.15379379999999998,2.5202834666666667,37,35
2026-04-04,BTC,77,0.13142467532467533,-0.03909063636363636,0.012063948051948053,-0.04153344155844156,0.19413544155844156,2.7398444155844155,381,560
2026-04-04,DOGE,4,0.1612,-0.17055625000000002,-0.0710295,-0.54010075,-0.10290774999999999,4.56117275,112,34
2026-04-04,ETH,5,0.17036,0.015229600000000001,0.06176859999999999,-0.04900159999999998,0.014163399999999982,3.6595452,44,15
2026-04-04,MARKET,281,0.05490177935943061,-0.06257914590747331,-0.02733490747330961,0.00737721352313167,-0.097625512455516,2.536079135231317,16008,1853
2026-04-04,SHIB,1,0.8683,0.118816,0.343661,0.910162,0.581869,1.693147,1,0
2026-04-04,SOL,46,0.34476521739130433,0.0350909347826087,0.12799328260869566,0.1509607608695652,0.2835240652173913,2.9865719347826087,129,166
2026-04-05,BNB,10,0.30361,0.035852300000000004,0.11617950000000002,0.2795134,0.17153649999999998,2.5014799,14,21
2026-04-05,BTC,55,0.12170181818181817,-0.010341690909090909,0.029271418181818186,0.020666509090909085,0.1800532909090909,3.9008176363636364,3308,1014
2026-04-05,DOGE,13,0.2043846153846154,-0.002313999999999997,0.05969561538461539,-0.006864999999999997,0.1703014615384615,3.741545307692308,393,54
2026-04-05,ETH,7,0.5872,-0.06675614285714286,0.12943057142857145,0.22964271428571426,0.6892804285714286,4.601264571428572,152,58
2026-04-05,MARKET,322,0.0530972049689441,-0.10398212111801242,-0.05685833850931677,-0.09236081366459628,-0.23274566149068324,3.168440810559006,21491,14926
2026-04-05,SHIB,1,0.0,-0.034007,-0.023805,-0.435453,-0.040305,1.693147,1,0
2026-04-05,SOL,37,0.306827027027027,0.021555054054054057,0.10713664864864865,0.06257205405405404,0.28611167567567564,3.0219995945945946,88,112
2026-04-06,BNB,19,-0.15283684210526313,-0.13588905263157894,-0.14097342105263158,-0.6018768421052632,-0.2016602105263158,2.6107875263157894,29,53
2026-04-06,BTC,65,0.19524,0.008716276923076922,0.06467335384615384,0.14863387692307692,0.1598763230769231,3.930105353846154,1884,1153
2026-04-06,DOGE,3,0.0086,0.040315000000000004,0.030800333333333332,-0.12473033333333333,0.075769,5.8829036666666665,117,39
2026-04-06,ETH,15,0.4014466666666667,-0.08655433333333334,0.05984599999999999,-0.05691966666666667,0.2800396,3.5664141999999996,146,81
2026-04-06,MARKET,343,0.06163090379008747,-0.08000419825072887,-0.037513664723032074,-0.027009320699708465,-0.2040087055393586,3.2575836297376095,29787,31440
2026-04-06,SOL,39,0.20596666666666666,0.011725307692307693,0.06999774358974359,-0.09481930769230769,0.26354658974358974,3.0708178205128203,99,114
2026-04-07,BNB,8,0.03876250000000002,0.017474375,0.023861,-0.03690787500000001,-0.06590087500000001,2.1410869999999997,11,6
2026-04-07,BTC,95,0.13737368421052631,0.014557747368421055,0.05140245263157894,0.10066357894736842,0.12834144210526316,3.108068789473684,1616,647
2026-04-07,DOGE,5,0.04287999999999999,-0.004156199999999999,0.009954400000000002,-0.20976239999999996,-0.02207920000000003,4.1184959999999995,105,57
2026-04-07,ETH,6,0.58255,-0.21081633333333336,0.02719366666666667,-0.19138799999999997,0.9121806666666666,5.8150685,180,143
2026-04-07,MARKET,459,0.06484183006535947,-0.07325149673202613,-0.03182350326797386,-0.007786422657952068,-0.15098513071895425,3.6476119346405227,46721,50653
2026-04-07,SHIB,2,0.42155000000000004,0.2047095,0.2697615,0.6395514999999999,1.6540035,6.0146195,44,14
2026-04-07,SOL,53,0.25114150943396224,0.06470411320754718,0.12063530188679246,0.11977824528301886,0.5032603207547169,3.4385671132075473,504,241
2026-04-08,BNB,12,0.260225,0.024424583333333333,0.09516458333333333,0.20748483333333334,0.030238249999999967,2.4769039999999998,20,15
2026-04-08,BTC,99,0.06614848484848485,0.008663020202020203,0.02590865656565657,0.008511080808080806,0.009922989898989916,3.54667297979798,2698,941
2026-04-08,DOGE,6,0.1531,0.03436533333333334,0.06998583333333333,0.03510950000000001,0.2498275,4.188390333333333,116,56
2026-04-08,ETH,5,0.02966,-0.0503928,-0.026377,-0.41200200000000003,-0.4268528,5.2274318,580,133
2026-04-08,MARKET,561,0.07398841354723708,-0.08512224598930482,-0.037389076648841356,-0.02658843315508021,-0.15324947593582888,3.6843540552584675,57364,35375
2026-04-08,SHIB,1,0.34,0.820129,0.67609,2.127476,2.852341,4.218876,24,0
2026-04-08,SOL,41,0.19086829268292685,0.0017766097560975593,0.05850412195121951,-0.143528243902439,0.2722796341463415,3.1290478780487807,139,99
2026-04-09,BNB,5,0.28637999999999997,0.0124084,0.0945996,0.20554820000000001,0.33318840000000005,2.7446462,4,17
2026-04-09,BTC,87,0.08047011494252873,-0.011165321839080459,0.016325310344827586,-0.02612991954022989,-0.13196113793103448,3.347339356321839,1748,896
2026-04-09,DOGE,11,0.14417272727272729,0.063366,0.0876079090909091,0.10699109090909094,0.3852096363636363,4.142696090909091,197,151
2026-04-09,ETH,10,0.20617999999999997,0.0342252,0.0858116,0.0500114,0.40674399999999994,3.0040746999999994,56,39
2026-04-09,MARKET,482,0.11135975103734441,-0.09034908506224067,-0.029836429460580915,-0.0010736120331950193,-0.09534459543568465,3.215132427385892,23977,27703
2026-04-09,SHIB,2,-0.064,-0.1530655,-0.126346,-0.810945,-0.6635304999999999,3.8518915,23,2
2026-04-09,SOL,31,0.3290193548387097,0.14934009677419355,0.20324393548387099,0.46986622580645165,0.7317829032258064,3.3397693548387095,139,83
2026-04-10,BNB,18,0.18317777777777777,0.1519773888888889,0.16133750000000002,0.4342921111111111,0.4925330555555556,2.6259698888888887,23,52
2026-04-10,BTC,82,0.20801951219512196,-0.007400573170731708,0.057225463414634144,0.12171201219512195,0.31351157317073175,3.6570766707317075,1629,1004
2026-04-10,DOGE,5,0.30228,0.065277,0.1363778,0.3059262,0.9072245999999999,6.6866208,306,85
2026-04-10,ETH,8,0.10523750000000001,0.090173625,0.09469275,0.08658600000000002,0.321078625,3.159448375,50,35
2026-04-10,MARKET,471,0.09241422505307854,-0.07660995541401273,-0.02590270912951168,0.012215564755838638,-0.10157168577494692,3.1456323609341825,72787,34064
2026-04-10,SHIB,2,0.0,0.0084905,0.005943499999999999,-0.3265175,0.050863,3.802901,17,7
2026-04-10,SOL,37,0.39842432432432434,0.011395054054054055,0.12750386486486487,0.14888648648648647,0.5272922702702703,3.397553648648649,151,126
2026-04-11,BNB,10,0.12407000000000001,-0.028574599999999995,0.017218699999999993,-0.059674200000000024,0.0969966,1.9246478,8,12
2026-04-11,BTC,71,0.16445492957746477,-0.04423392957746479,0.018372718309859155,-0.01872914084507043,-0.09158004225352114,2.974228661971831,2815,592
2026-04-11,DOGE,7,0.4394428571428572,-0.06988271428571428,0.08291485714285715,0.08784785714285713,0.3627521428571429,3.1588272857142856,49,24
2026-04-11,ETH,6,0.3596,0.062861,0.1518826666666667,0.32210483333333334,0.5601571666666666,3.1666494999999997,28,23
2026-04-11,MARKET,307,0.044411400651465795,-0.10952909446254071,-0.06334699022801303,-0.11428121824104234,-0.3514767687296417,3.05216861237785,40240,5043
2026-04-11,SHIB,3,0.2543,0.04427433333333333,0.10728199999999999,0.044571333333333345,0.18164433333333332,1.693147,3,0
2026-04-11,SOL,35,0.31042857142857144,-0.01820817142857143,0.08038279999999999,-0.05080837142857142,0.29162982857142855,2.916976257142857,71,116
2026-04-12,BNB,17,0.10554117647058824,-0.11891670588235295,-0.05157935294117647,-0.2954792352941176,-0.17178188235294117,2.1893557647058826,22,15
2026-04-12,BTC,76,0.21659078947368418,-0.03723918421052632,0.03890982894736842,0.05550647368421051,0.20481340789473684,3.5092329868421053,5345,842
2026-04-12,DOGE,8,0.4706125,-0.056053124999999995,0.10194662499999999,0.165479375,0.8707238749999999,5.013319375,265,81
2026-04-12,ETH,8,0.052074999999999996,-0.17492225,-0.106823125,-0.74329425,-0.495992875,5.026832375,173,73
2026-04-12,MARKET,441,0.06114625850340136,-0.1387347777777778,-0.07877049886621316,-0.16638585941043085,-0.2224020566893424,3.47593031292517,113649,8972
2026-04-12,SHIB,3,0.4143666666666667,0.27681,0.318077,0.8164763333333332,0.5385513333333334,1.693147,3,0
2026-04-12,SOL,23,0.1967217391304348,0.08357491304347825,0.117519,0.10657160869565216,0.3981857391304348,2.850892913043478,49,44
2026-04-13,BNB,8,0.397575,0.071995375,0.16966925,0.462849,0.375751875,2.1410869999999997,10,6
2026-04-13,BTC,77,0.19661168831168832,-0.0038547142857142842,0.05628519480519481,0.11831327272727274,0.3120750779220779,4.021868363636363,3141,1065
2026-04-13,DOGE,5,-0.1441,0.024140400000000003,-0.0263318,-0.35777600000000004,-0.7354831999999999,5.84722,2283,157
2026-04-13,ETH,6,0.33271666666666666,0.046186000000000005,0.13214533333333334,0.24082283333333335,0.6992781666666666,4.114158166666667,130,86
2026-04-13,MARKET,504,0.0873626984126984,-0.10089251190476191,-0.04441599603174603,-0.05032723611111111,-0.15487014682539682,3.355019361111111,41034,35553
2026-04-13,SHIB,2,-0.045999999999999985,0.2279335,0.14575349999999998,0.1854495,0.588109,4.366701,20,12
2026-04-13,SOL,35,0.35123428571428567,0.11434434285714286,0.18541134285714286,0.3942932857142857,0.7242097714285713,3.2099242,139,82
2026-04-14,BNB,20,0.282925,0.01869155,0.09796149999999999,0.21707115,0.15315365,1.72780435,20,1
2026-04-14,BTC,119,0.2067873949579832,-0.03141785714285714,0.0400436974789916,0.05960502521008403,0.13690257142857146,2.1937696470588235,461,346
2026-04-14,DOGE,7,0.12990000000000002,0.057983,0.07955814285714287,0.07415557142857142,0.13758285714285717,2.137934857142857,14,4
2026-04-14,ETH,9,-0.10273333333333333,-0.11503111111111111,-0.11134177777777778,-0.7619028888888889,-0.08163822222222222,3.0110846666666666,128,102
2026-04-14,MARKET,546,0.10027472527472528,-0.08675035164835164,-0.030642853479853478,-0.0037978699633699612,-0.08695317948717948,2.505030432234432,13092,2600
2026-04-14,SHIB,6,0.26566666666666666,-0.0116265,0.0715615,-0.0862325,0.379326,2.7336796666666667,53,20
2026-04-14,SOL,45,0.39011777777777773,0.18726153333333334,0.24811840000000002,0.6600403333333333,0.6181923777777777,2.557746422222222,56,58
2026-04-15,BNB,9,0.2814,-0.08910188888888888,0.02204877777777778,-0.04311922222222223,0.05085422222222223,1.7701633333333333,8,3
2026-04-15,BTC,72,0.2856111111111111,0.028787166666666666,0.10583430555555556,0.29741863888888886,0.17488831944444444,1.6835199583333333,71,0
2026-04-15,DOGE,16,0.204375,0.049821,0.09618725,0.14198668750000004,0.1703109375,1.8304735,18,2
2026-04-15,ETH,6,0.22706666666666667,-0.2458463333333333,-0.10397249999999998,-0.7315548333333334,-0.14990533333333336,1.924196,6,2
2026-04-15,MARKET,609,0.07296748768472906,-0.08624552052545156,-0.038481655172413795,-0.030279463054187192,-0.07403549753694581,2.080623972085386,625,348
2026-04-15,SOL,52,0.23991923076923077,0.07475390384615385,0.12430353846153847,0.13532386538461538,0.2969453846153846,2.4564706346153846,52,61
2026-04-16,BNB,16,0.405925,0.0557898125,0.160830375,0.4325538125,0.302050875,1.9870689375,33,1
2026-04-16,BTC,77,0.10761428571428572,-0.007816493506493506,0.026812688311688312,0.011778909090909092,0.040870350649350656,1.7295542727272728,75,13
2026-04-16,DOGE,14,0.16297857142857142,-0.04201664285714286,0.019482,-0.1708985714285714,0.03326535714285715,1.8660304285714286,19,1
2026-04-16,ETH,10,0.27223,-0.11727760000000001,-0.00042530000000000486,-0.305128,0.02742579999999999,2.3169793,10,9
2026-04-16,MARKET,451,0.1067190687361419,-0.06640124390243902,-0.014465190687361422,0.05085458758314856,-0.020990150776053214,2.1369236762749444,541,352
2026-04-16,SHIB,4,0.172725,0.17371399999999998,0.1734175,0.28675125,0.29362125,1.693147,4,0
2026-04-16,SOL,49,0.4401816326530612,0.1098547551020408,0.20895281632653062,0.4940599183673469,0.514467,2.534733326530612,60,61
